[{"model": "contenttypes.contenttype", "pk": 1, "fields": {"app_label": "admin", "model": "logentry"}}, {"model": "contenttypes.contenttype", "pk": 2, "fields": {"app_label": "auth", "model": "permission"}}, {"model": "contenttypes.contenttype", "pk": 3, "fields": {"app_label": "auth", "model": "group"}}, {"model": "contenttypes.contenttype", "pk": 4, "fields": {"app_label": "auth", "model": "user"}}, {"model": "contenttypes.contenttype", "pk": 5, "fields": {"app_label": "contenttypes", "model": "contenttype"}}, {"model": "contenttypes.contenttype", "pk": 6, "fields": {"app_label": "sessions", "model": "session"}}, {"model": "contenttypes.contenttype", "pk": 7, "fields": {"app_label": "categorias", "model": "categoria"}}, {"model": "contenttypes.contenttype", "pk": 8, "fields": {"app_label": "preguntas", "model": "pregunta"}}, {"model": "contenttypes.contenttype", "pk": 9, "fields": {"app_label": "respuestas", "model": "respuesta"}}, {"model": "contenttypes.contenttype", "pk": 10, "fields": {"app_label": "partidas", "model": "partida"}}, {"model": "sessions.session", "pk": "lgww6fxyvrdag4yy2uzzctm8bd126dsf", "fields": {"session_data": "MTdlZDMxZTZlNmY1YTJhODQ1YzAzNzFhNDFkM2ZiMmU0M2QxNTU5Mjp7Il9hdXRoX3VzZXJfaWQiOiIxIiwiX2F1dGhfdXNlcl9iYWNrZW5kIjoiZGphbmdvLmNvbnRyaWIuYXV0aC5iYWNrZW5kcy5Nb2RlbEJhY2tlbmQiLCJfYXV0aF91c2VyX2hhc2giOiI3ZmI1ZjlmZTg4M2Q3YWQ4N2JhNzVkNjA5NDI1NWFjYWU1MWM4ZDA4In0=", "expire_date": "2021-09-13T17:09:55.740Z"}}, {"model": "categorias.categoria", "pk": 1, "fields": {"creado": "2021-08-26T04:59:14.035Z", "modificado": "2021-08-26T04:59:14.035Z", "nombre": "CULTURA Y ARTE", "descripcion": "Cultura y arte chaque\u00f1o", "color": "sinDef", "icono": "sinIcono"}}, {"model": "categorias.categoria", "pk": 2, "fields": {"creado": "2021-08-26T04:59:59.594Z", "modificado": "2021-08-26T04:59:59.594Z", "nombre": "HISTORIA", "descripcion": "Historia chaque\u00f1a", "color": "sincol", "icono": "sinicono"}}, {"model": "categorias.categoria", "pk": 3, "fields": {"creado": "2021-08-26T05:00:40.068Z", "modificado": "2021-08-26T05:00:40.068Z", "nombre": "DEPORTE", "descripcion": "Deporte chaque\u00f1o", "color": "sincol", "icono": "sinicono"}}, {"model": "categorias.categoria", "pk": 4, "fields": {"creado": "2021-08-26T05:01:53.920Z", "modificado": "2021-08-26T05:01:53.920Z", "nombre": "GEOGRAFIA", "descripcion": "\u00b4Geograf\u00eda chaque\u00f1a", "color": "sincol", "icono": "sinicono"}}, {"model": "categorias.categoria", "pk": 5, "fields": {"creado": "2021-08-26T05:02:52.031Z", "modificado": "2021-08-26T05:02:52.032Z", "nombre": "ECONOMIA", "descripcion": "Econom\u00eda chaque\u00f1a", "color": "sincol", "icono": "sinicono"}}, {"model": "categorias.categoria", "pk": 6, "fields": {"creado": "2021-08-26T05:03:27.593Z", "modificado": "2021-08-26T05:03:27.593Z", "nombre": "CIENCIA Y EDUCACION", "descripcion": "Ciencia y Educaci\u00f3n del Chaco", "color": "sincol", "icono": "sinicono"}}, {"model": "categorias.categoria", "pk": 7, "fields": {"creado": "2021-08-26T05:03:52.184Z", "modificado": "2021-08-26T05:03:52.184Z", "nombre": "ENTRETENIMIENTO", "descripcion": "Entretenimiento chaque\u00f1o", "color": "sincol", "icono": "sinicono"}}, {"model": "preguntas.pregunta", "pk": 1, "fields": {"creado": "2021-08-26T05:04:45.970Z", "modificado": "2021-08-26T05:04:45.970Z", "categoria": 1, "descripcion": "Resistencia es conocida como:", "mostrada": false}}, {"model": "preguntas.pregunta", "pk": 2, "fields": {"creado": "2021-08-26T05:07:14.178Z", "modificado": "2021-08-26T05:07:14.178Z", "categoria": 1, "descripcion": "\u00bfCu\u00e1ntas esculturas hay en Resistencia?", "mostrada": false}}, {"model": "preguntas.pregunta", "pk": 3, "fields": {"creado": "2021-08-26T05:08:18.858Z", "modificado": "2021-08-26T05:08:18.858Z", "categoria": 4, "descripcion": "\u00bfEn qu\u00e9 sectores se divide geogr\u00e1ficamente la provincia del Chaco?", "mostrada": false}}, {"model": "preguntas.pregunta", "pk": 4, "fields": {"creado": "2021-08-26T11:29:17.161Z", "modificado": "2021-08-26T11:29:17.161Z", "categoria": 4, "descripcion": "Campo del Cielo: Patrimonio Cultural y Tur\u00edstico del Chaco, \u00bfD\u00f3nde se ubica?", "mostrada": false}}, {"model": "preguntas.pregunta", "pk": 5, "fields": {"creado": "2021-08-26T11:34:26.837Z", "modificado": "2021-08-26T11:34:26.837Z", "categoria": 4, "descripcion": "Al norte el l\u00edmite natural establecido entre la Provincia de Chaco y Formosa es:", "mostrada": false}}, {"model": "preguntas.pregunta", "pk": 6, "fields": {"creado": "2021-08-26T11:35:49.522Z", "modificado": "2021-08-26T11:35:49.522Z", "categoria": 2, "descripcion": "El ex ferrocarril General Belgrano conectaba a:", "mostrada": false}}, {"model": "preguntas.pregunta", "pk": 7, "fields": {"creado": "2021-08-26T11:36:04.896Z", "modificado": "2021-08-26T11:36:04.896Z", "categoria": 3, "descripcion": "En el \u00e1mbito automovil\u00edstico deportivo Chaco tiene un exponente a nivel nacional e internacional, \u00bfQui\u00e9n es?", "mostrada": false}}, {"model": "preguntas.pregunta", "pk": 8, "fields": {"creado": "2021-08-26T11:36:18.781Z", "modificado": "2021-08-26T11:36:18.781Z", "categoria": 3, "descripcion": "En el \u00e1mbito de los juegos ol\u00edmpicos, el Chaco tiene un medallista en:", "mostrada": false}}, {"model": "preguntas.pregunta", "pk": 9, "fields": {"creado": "2021-08-26T11:36:33.341Z", "modificado": "2021-08-26T11:36:33.341Z", "categoria": 3, "descripcion": "Marcela G\u00f3mez, chaque\u00f1a, particip\u00f3 en los Juegos Ol\u00edmpicos de Tokio en:", "mostrada": false}}, {"model": "preguntas.pregunta", "pk": 10, "fields": {"creado": "2021-08-26T11:36:54.968Z", "modificado": "2021-08-26T11:36:54.968Z", "categoria": 3, "descripcion": "El club de f\u00fatbol m\u00e1s antiguo del Chaco es:", "mostrada": false}}, {"model": "preguntas.pregunta", "pk": 11, "fields": {"creado": "2021-08-26T11:37:23.473Z", "modificado": "2021-08-26T11:37:23.473Z", "categoria": 1, "descripcion": "Por Decreto N\u00b0 1491 el Gobierno de la Provincia del Chaco se declar\u00f3 a un instrumento musical como \u201cPatrimonio Cultural de la provincia del Chaco\u201d, \u00bfCu\u00e1l es?", "mostrada": false}}, {"model": "preguntas.pregunta", "pk": 12, "fields": {"creado": "2021-08-26T11:37:50.257Z", "modificado": "2021-08-26T11:37:50.257Z", "categoria": 1, "descripcion": "La palabra Chac\u00fa del cual deriva el nombre de nuestra provincia, ten\u00eda un significado \u00bfCu\u00e1l era?", "mostrada": false}}, {"model": "preguntas.pregunta", "pk": 13, "fields": {"creado": "2021-08-26T11:38:17.253Z", "modificado": "2021-08-26T11:38:17.253Z", "categoria": 4, "descripcion": "La superficie total de la provincia del Chaco es de:", "mostrada": false}}, {"model": "preguntas.pregunta", "pk": 14, "fields": {"creado": "2021-08-26T11:38:46.235Z", "modificado": "2021-08-26T11:38:46.235Z", "categoria": 1, "descripcion": "La poblaci\u00f3n actual del Chaco oscila entre:", "mostrada": false}}, {"model": "preguntas.pregunta", "pk": 15, "fields": {"creado": "2021-08-26T11:39:05.036Z", "modificado": "2021-08-26T11:39:05.036Z", "categoria": 2, "descripcion": "\u00bfQui\u00e9n fue el primer gobernador del Territorio Nacional del Chaco?", "mostrada": false}}, {"model": "preguntas.pregunta", "pk": 16, "fields": {"creado": "2021-08-26T11:40:06.415Z", "modificado": "2021-08-26T11:40:06.415Z", "categoria": 1, "descripcion": "Un escritor reconocido en el \u00e1mbito chaque\u00f1o recibi\u00f3 el Premio Pionero de la Letras Chaque\u00f1as, otorgado por la provincia del Chaco y la SADE local en 1985. \u00bfQui\u00e9n fue?", "mostrada": false}}, {"model": "preguntas.pregunta", "pk": 17, "fields": {"creado": "2021-08-26T11:40:27.399Z", "modificado": "2021-08-26T11:40:27.399Z", "categoria": 1, "descripcion": "En la bandera del Chaco hay un arado rodeado de 25 estrellas \u00bfQu\u00e9 representan?", "mostrada": false}}, {"model": "preguntas.pregunta", "pk": 18, "fields": {"creado": "2021-08-26T11:40:46.129Z", "modificado": "2021-08-26T11:40:46.129Z", "categoria": 1, "descripcion": "En un emblem\u00e1tico edificio de la ciudad de Resistencia se encuentra un mural del reconocido pintor Emilio Pettoruti \u00bfD\u00f3nde se encuentra emplazado?", "mostrada": false}}, {"model": "preguntas.pregunta", "pk": 19, "fields": {"creado": "2021-08-26T11:42:13.117Z", "modificado": "2021-08-26T11:42:13.117Z", "categoria": 5, "descripcion": "La producci\u00f3n destacada chaque\u00f1a que perdura en la memoria y por la cual se la reconoce a la provincia fue:", "mostrada": false}}, {"model": "preguntas.pregunta", "pk": 20, "fields": {"creado": "2021-08-26T11:43:04.379Z", "modificado": "2021-08-26T11:43:04.379Z", "categoria": 1, "descripcion": "\u00bfCu\u00e1l es la flor provincial del Chaco?", "mostrada": false}}, {"model": "preguntas.pregunta", "pk": 21, "fields": {"creado": "2021-08-26T11:43:51.452Z", "modificado": "2021-08-26T11:43:51.452Z", "categoria": 1, "descripcion": "Un conjunto coral chaque\u00f1o fue reconocido como \u201cPatrimonio Cultural Viviente\" \u00bfCu\u00e1l es?", "mostrada": false}}, {"model": "preguntas.pregunta", "pk": 22, "fields": {"creado": "2021-08-26T11:44:13.696Z", "modificado": "2021-08-26T11:44:13.697Z", "categoria": 2, "descripcion": "En 1939 es erigida la Di\u00f3cesis de Resistencia \u00bfQui\u00e9n fue el primer obispo?", "mostrada": false}}, {"model": "preguntas.pregunta", "pk": 23, "fields": {"creado": "2021-08-26T11:44:29.573Z", "modificado": "2021-08-26T11:44:29.573Z", "categoria": 2, "descripcion": "El Puente General Belgrano que une las provincias de Chaco y Corrientes se termin\u00f3 de construir en:", "mostrada": false}}, {"model": "preguntas.pregunta", "pk": 24, "fields": {"creado": "2021-08-26T11:45:04.854Z", "modificado": "2021-08-26T11:45:04.855Z", "categoria": 2, "descripcion": "\u00bfDesde cu\u00e1ndo existe la Provincia del Chaco?", "mostrada": false}}, {"model": "preguntas.pregunta", "pk": 25, "fields": {"creado": "2021-08-26T11:45:32.751Z", "modificado": "2021-08-26T11:45:32.751Z", "categoria": 2, "descripcion": "Nuestras primeras poblaciones originarias, pertenec\u00edan a las etnias:", "mostrada": false}}, {"model": "preguntas.pregunta", "pk": 26, "fields": {"creado": "2021-08-26T12:35:20.282Z", "modificado": "2021-08-26T12:35:20.282Z", "categoria": 4, "descripcion": "Al sur, el l\u00edmite establecido entre la Provincia del Chaco y Santa Fe es:", "mostrada": false}}, {"model": "preguntas.pregunta", "pk": 27, "fields": {"creado": "2021-08-26T13:37:19.446Z", "modificado": "2021-08-26T13:37:19.446Z", "categoria": 2, "descripcion": "\u00bfQui\u00e9n fue el primer gobernador de la Provincia del Chaco?", "mostrada": false}}, {"model": "preguntas.pregunta", "pk": 28, "fields": {"creado": "2021-08-26T13:40:32.094Z", "modificado": "2021-08-26T13:40:32.094Z", "categoria": 2, "descripcion": "La primera ciudad colonial del Chaco fue:", "mostrada": false}}, {"model": "preguntas.pregunta", "pk": 29, "fields": {"creado": "2021-08-26T13:40:57.037Z", "modificado": "2021-08-26T13:40:57.037Z", "categoria": 2, "descripcion": "San Fernando del R\u00edo Negro fue una:", "mostrada": false}}, {"model": "preguntas.pregunta", "pk": 30, "fields": {"creado": "2021-08-26T13:41:13.871Z", "modificado": "2021-08-26T13:41:13.871Z", "categoria": 2, "descripcion": "\u00bfQu\u00e9 reducciones franciscanas se fundaron en el actual territorio del Chaco a finales del siglo XVIII?", "mostrada": false}}, {"model": "preguntas.pregunta", "pk": 31, "fields": {"creado": "2021-08-26T13:41:47.780Z", "modificado": "2021-08-26T13:41:47.780Z", "categoria": 2, "descripcion": "La Gobernaci\u00f3n del Chaco se cre\u00f3 en:", "mostrada": false}}, {"model": "preguntas.pregunta", "pk": 32, "fields": {"creado": "2021-08-26T13:42:08.632Z", "modificado": "2021-08-26T13:42:08.632Z", "categoria": 2, "descripcion": "La ley 1532 divido a la Gobernaci\u00f3n del Chaco en:", "mostrada": false}}, {"model": "preguntas.pregunta", "pk": 33, "fields": {"creado": "2021-08-26T13:42:31.972Z", "modificado": "2021-08-26T13:42:31.972Z", "categoria": 2, "descripcion": "Las autoridades que administraban la Gobernaci\u00f3n del Chaco:", "mostrada": false}}, {"model": "preguntas.pregunta", "pk": 34, "fields": {"creado": "2021-08-26T13:42:54.945Z", "modificado": "2021-08-26T13:42:54.945Z", "categoria": 2, "descripcion": "La Conquista Militar del Chaco se produjo:", "mostrada": false}}, {"model": "preguntas.pregunta", "pk": 35, "fields": {"creado": "2021-08-26T13:43:11.796Z", "modificado": "2021-08-26T13:43:11.796Z", "categoria": 2, "descripcion": "Con la llegada de los inmigrantes se dio a ra\u00edz a:", "mostrada": false}}, {"model": "preguntas.pregunta", "pk": 36, "fields": {"creado": "2021-08-26T13:43:27.951Z", "modificado": "2021-08-26T13:43:27.951Z", "categoria": 5, "descripcion": "A inicios del siglo XX, la actividad econ\u00f3mica m\u00e1s importante del territorio era?", "mostrada": false}}, {"model": "preguntas.pregunta", "pk": 37, "fields": {"creado": "2021-08-26T13:44:11.666Z", "modificado": "2021-08-26T13:44:11.666Z", "categoria": 5, "descripcion": "El tanino se desarroll\u00f3 en:", "mostrada": false}}, {"model": "preguntas.pregunta", "pk": 38, "fields": {"creado": "2021-08-26T13:44:42.891Z", "modificado": "2021-08-26T13:44:42.891Z", "categoria": 5, "descripcion": "Las localidades algodoneras fueron:", "mostrada": false}}, {"model": "preguntas.pregunta", "pk": 39, "fields": {"creado": "2021-08-26T13:44:55.531Z", "modificado": "2021-08-26T13:44:55.531Z", "categoria": 2, "descripcion": "Nuestra primera constituci\u00f3n se promulg\u00f3 en:", "mostrada": false}}, {"model": "preguntas.pregunta", "pk": 40, "fields": {"creado": "2021-08-26T13:45:18.867Z", "modificado": "2021-08-26T13:45:18.867Z", "categoria": 4, "descripcion": "\u00bfCu\u00e1ntos departamentos tiene la provincia del Chaco?", "mostrada": false}}, {"model": "preguntas.pregunta", "pk": 41, "fields": {"creado": "2021-08-26T13:45:33.427Z", "modificado": "2021-08-26T13:45:33.427Z", "categoria": 4, "descripcion": "\u00bfCu\u00e1ntas rutas nacionales recorren la provincia?", "mostrada": false}}, {"model": "preguntas.pregunta", "pk": 42, "fields": {"creado": "2021-08-26T13:45:48.708Z", "modificado": "2021-08-26T13:45:48.708Z", "categoria": 4, "descripcion": "La Ruta Nacional 16 recorre entre:", "mostrada": false}}, {"model": "preguntas.pregunta", "pk": 43, "fields": {"creado": "2021-08-26T14:14:40.336Z", "modificado": "2021-08-26T14:14:40.336Z", "categoria": 2, "descripcion": "La capital de la Gobernaci\u00f3n del Chaco se ubicaba en:", "mostrada": false}}, {"model": "preguntas.pregunta", "pk": 44, "fields": {"creado": "2021-08-26T14:24:11.835Z", "modificado": "2021-08-26T14:24:11.835Z", "categoria": 7, "descripcion": "\u00bfQu\u00e9 Parques Nacionales existen en el Chaco?", "mostrada": false}}, {"model": "preguntas.pregunta", "pk": 45, "fields": {"creado": "2021-08-26T14:24:27.185Z", "modificado": "2021-08-26T14:24:27.185Z", "categoria": 7, "descripcion": "Campo del Cielo es reconocido por:", "mostrada": false}}, {"model": "preguntas.pregunta", "pk": 46, "fields": {"creado": "2021-08-26T14:24:39.092Z", "modificado": "2021-08-26T14:24:39.093Z", "categoria": 7, "descripcion": "En Isla del Cerrito se realiza la:", "mostrada": false}}, {"model": "preguntas.pregunta", "pk": 47, "fields": {"creado": "2021-08-26T14:24:54.983Z", "modificado": "2021-08-26T14:24:54.983Z", "categoria": 7, "descripcion": "La Fiesta Provincial del Inmigrante se realiza en:", "mostrada": false}}, {"model": "preguntas.pregunta", "pk": 48, "fields": {"creado": "2021-08-26T14:25:11.688Z", "modificado": "2021-08-26T14:25:11.688Z", "categoria": 7, "descripcion": "El Festival Nacional Taninero se desarrolla en:", "mostrada": false}}, {"model": "preguntas.pregunta", "pk": 49, "fields": {"creado": "2021-08-26T14:25:32.085Z", "modificado": "2021-08-26T14:25:32.085Z", "categoria": 7, "descripcion": "La Fiesta Provincial del Chivo se desarrolla en:", "mostrada": false}}, {"model": "preguntas.pregunta", "pk": 50, "fields": {"creado": "2021-08-26T14:25:44.210Z", "modificado": "2021-08-26T14:25:44.210Z", "categoria": 7, "descripcion": "La Fiesta Nacional del Algod\u00f3n se desarrolla en:", "mostrada": false}}, {"model": "preguntas.pregunta", "pk": 51, "fields": {"creado": "2021-08-26T14:28:07.772Z", "modificado": "2021-08-26T14:28:07.772Z", "categoria": 7, "descripcion": "Las Reservas Naturales del Chaco son:", "mostrada": false}}, {"model": "preguntas.pregunta", "pk": 52, "fields": {"creado": "2021-08-26T14:28:22.350Z", "modificado": "2021-08-26T14:28:22.351Z", "categoria": 7, "descripcion": "La Feria de Artesan\u00eda Aborigen Chaque\u00f1a se realiza en:", "mostrada": false}}, {"model": "preguntas.pregunta", "pk": 53, "fields": {"creado": "2021-08-26T14:28:37.765Z", "modificado": "2021-08-26T14:28:37.765Z", "categoria": 4, "descripcion": "\u00bfQu\u00e9 curso de agua se encuentra emplazado entre la provincia del Chaco y Formosa?", "mostrada": false}}, {"model": "preguntas.pregunta", "pk": 54, "fields": {"creado": "2021-08-26T14:28:50.693Z", "modificado": "2021-08-26T14:28:50.693Z", "categoria": 4, "descripcion": "El relieve del Chaco caracter\u00edstico es:", "mostrada": false}}, {"model": "preguntas.pregunta", "pk": 55, "fields": {"creado": "2021-08-26T14:29:12.344Z", "modificado": "2021-08-26T14:29:12.344Z", "categoria": 4, "descripcion": "Entre los r\u00edos aut\u00f3ctonos del Chaco, se encuentran:", "mostrada": false}}, {"model": "preguntas.pregunta", "pk": 56, "fields": {"creado": "2021-08-26T14:29:40.236Z", "modificado": "2021-08-26T14:29:40.236Z", "categoria": 7, "descripcion": "Juan Jos\u00e9 Castelli es considerada como:", "mostrada": false}}, {"model": "preguntas.pregunta", "pk": 57, "fields": {"creado": "2021-08-26T14:29:59.389Z", "modificado": "2021-08-26T14:29:59.389Z", "categoria": 3, "descripcion": "La ciudad de las Bre\u00f1as logr\u00f3 jugar en el Campeonato Argentino de Clubes en:", "mostrada": false}}, {"model": "preguntas.pregunta", "pk": 58, "fields": {"creado": "2021-08-26T14:30:53.268Z", "modificado": "2021-08-26T14:30:53.268Z", "categoria": 6, "descripcion": "En el municipio de Colonia Ben\u00edtez se encuentra:", "mostrada": false}}, {"model": "preguntas.pregunta", "pk": 59, "fields": {"creado": "2021-08-26T14:31:59.658Z", "modificado": "2021-08-26T14:31:59.658Z", "categoria": 6, "descripcion": "La patrona de Barranqueras es:", "mostrada": false}}, {"model": "preguntas.pregunta", "pk": 60, "fields": {"creado": "2021-08-26T14:32:13.165Z", "modificado": "2021-08-26T14:32:13.165Z", "categoria": 6, "descripcion": "El Patrono de la ciudad de Resistencia es:", "mostrada": false}}, {"model": "preguntas.pregunta", "pk": 61, "fields": {"creado": "2021-08-26T14:32:26.859Z", "modificado": "2021-08-26T14:32:26.860Z", "categoria": 6, "descripcion": "En Presidencia Roque Sa\u00e9nz Pe\u00f1a se encuentra:", "mostrada": false}}, {"model": "preguntas.pregunta", "pk": 62, "fields": {"creado": "2021-08-26T14:32:58.963Z", "modificado": "2021-08-26T14:32:58.963Z", "categoria": 7, "descripcion": "En Las Palmas se puede recorrer:", "mostrada": false}}, {"model": "preguntas.pregunta", "pk": 63, "fields": {"creado": "2021-09-02T19:41:00.993Z", "modificado": "2021-09-02T19:41:00.993Z", "categoria": 5, "descripcion": "La provincia es generalmente asociada en forma directa a la producci\u00f3n de algod\u00f3n, pero este no es el \u00fanico cultivo agr\u00edcola importante para su econom\u00eda. Entre los m\u00e1s importantes tambi\u00e9n se encuentran:", "mostrada": false}}, {"model": "preguntas.pregunta", "pk": 64, "fields": {"creado": "2021-09-02T19:43:11.401Z", "modificado": "2021-09-02T19:43:11.402Z", "categoria": 5, "descripcion": "\u00bfQui\u00e9n es el actual Ministro de Econom\u00eda e Infraestructura?", "mostrada": false}}, {"model": "preguntas.pregunta", "pk": 65, "fields": {"creado": "2021-09-02T19:45:40.328Z", "modificado": "2021-09-02T19:45:40.329Z", "categoria": 6, "descripcion": "Un proyecto de investigadores del CONICET y de la Universidad del Chaco Austral (UNCAUS), busca obtener a trav\u00e9s de procesos tecnol\u00f3gicos que saldr\u00e1n aplicados por primera vez en Argentina:", "mostrada": false}}, {"model": "preguntas.pregunta", "pk": 66, "fields": {"creado": "2021-09-02T19:47:22.200Z", "modificado": "2021-09-02T19:47:22.200Z", "categoria": 6, "descripcion": "\u00bfQu\u00e9 es CONICET Digital?", "mostrada": false}}, {"model": "respuestas.respuesta", "pk": 1, "fields": {"creado": "2021-08-26T05:05:29.592Z", "modificado": "2021-08-26T05:05:29.592Z", "pregunta": 1, "descripcion": "La ciudad de las esculturas", "correcta": true, "seleccionada": false}}, {"model": "respuestas.respuesta", "pk": 2, "fields": {"creado": "2021-08-26T05:05:42.658Z", "modificado": "2021-08-26T05:05:42.658Z", "pregunta": 1, "descripcion": "Ciudad Museo", "correcta": false, "seleccionada": false}}, {"model": "respuestas.respuesta", "pk": 3, "fields": {"creado": "2021-08-26T05:05:58.205Z", "modificado": "2021-08-26T05:05:58.205Z", "pregunta": 1, "descripcion": "Ciudad Capital", "correcta": false, "seleccionada": false}}, {"model": "respuestas.respuesta", "pk": 4, "fields": {"creado": "2021-08-26T05:09:33.037Z", "modificado": "2021-08-26T05:09:33.037Z", "pregunta": 2, "descripcion": "200", "correcta": false, "seleccionada": false}}, {"model": "respuestas.respuesta", "pk": 5, "fields": {"creado": "2021-08-26T05:09:42.606Z", "modificado": "2021-08-26T05:09:42.606Z", "pregunta": 2, "descripcion": "700", "correcta": false, "seleccionada": false}}, {"model": "respuestas.respuesta", "pk": 6, "fields": {"creado": "2021-08-26T05:09:56.275Z", "modificado": "2021-08-26T05:09:56.275Z", "pregunta": 2, "descripcion": "600", "correcta": true, "seleccionada": false}}, {"model": "respuestas.respuesta", "pk": 10, "fields": {"creado": "2021-08-26T11:32:20.420Z", "modificado": "2021-08-26T11:32:20.420Z", "pregunta": 4, "descripcion": "Maip\u00fa", "correcta": false, "seleccionada": false}}, {"model": "respuestas.respuesta", "pk": 11, "fields": {"creado": "2021-08-26T11:32:37.603Z", "modificado": "2021-08-26T11:32:37.603Z", "pregunta": 4, "descripcion": "Bermejo", "correcta": false, "seleccionada": false}}, {"model": "respuestas.respuesta", "pk": 12, "fields": {"creado": "2021-08-26T11:32:57.279Z", "modificado": "2021-08-26T11:32:57.279Z", "pregunta": 4, "descripcion": "12 de Octubre", "correcta": true, "seleccionada": false}}, {"model": "respuestas.respuesta", "pk": 13, "fields": {"creado": "2021-08-26T12:29:19.894Z", "modificado": "2021-08-26T12:29:19.894Z", "pregunta": 3, "descripcion": "Litoral Chaque\u00f1o, centro Chaque\u00f1o e Impenetrable Chaque\u00f1o", "correcta": true, "seleccionada": false}}, {"model": "respuestas.respuesta", "pk": 14, "fields": {"creado": "2021-08-26T12:29:42.399Z", "modificado": "2021-08-26T12:29:42.399Z", "pregunta": 3, "descripcion": "Litoral Chaque\u00f1o e Impenetrable Chaque\u00f1o", "correcta": false, "seleccionada": false}}, {"model": "respuestas.respuesta", "pk": 15, "fields": {"creado": "2021-08-26T12:30:08.908Z", "modificado": "2021-08-26T12:30:08.908Z", "pregunta": 3, "descripcion": "Chaco Boreal y Chaco Austral", "correcta": false, "seleccionada": false}}, {"model": "respuestas.respuesta", "pk": 19, "fields": {"creado": "2021-08-26T12:33:07.069Z", "modificado": "2021-08-26T12:33:07.069Z", "pregunta": 5, "descripcion": "Pilcomayo", "correcta": false, "seleccionada": false}}, {"model": "respuestas.respuesta", "pk": 20, "fields": {"creado": "2021-08-26T12:33:18.086Z", "modificado": "2021-08-26T12:33:18.086Z", "pregunta": 5, "descripcion": "Paran\u00e1", "correcta": false, "seleccionada": false}}, {"model": "respuestas.respuesta", "pk": 21, "fields": {"creado": "2021-08-26T12:33:55.206Z", "modificado": "2021-08-26T12:33:55.206Z", "pregunta": 5, "descripcion": "Bermejo", "correcta": true, "seleccionada": false}}, {"model": "respuestas.respuesta", "pk": 22, "fields": {"creado": "2021-08-26T12:36:01.620Z", "modificado": "2021-08-26T12:36:01.620Z", "pregunta": 26, "descripcion": "Paralelo 28", "correcta": true, "seleccionada": false}}, {"model": "respuestas.respuesta", "pk": 23, "fields": {"creado": "2021-08-26T12:36:29.268Z", "modificado": "2021-08-26T12:36:29.268Z", "pregunta": 26, "descripcion": "Paralelo 30", "correcta": false, "seleccionada": false}}, {"model": "respuestas.respuesta", "pk": 24, "fields": {"creado": "2021-08-26T12:36:43.121Z", "modificado": "2021-08-26T12:36:43.121Z", "pregunta": 26, "descripcion": "Paralelo 29", "correcta": false, "seleccionada": false}}, {"model": "respuestas.respuesta", "pk": 25, "fields": {"creado": "2021-08-26T12:40:55.064Z", "modificado": "2021-08-26T12:40:55.064Z", "pregunta": 6, "descripcion": "Puerto de Barranqueras con Formosa", "correcta": false, "seleccionada": false}}, {"model": "respuestas.respuesta", "pk": 26, "fields": {"creado": "2021-08-26T12:41:23.859Z", "modificado": "2021-08-26T12:41:23.859Z", "pregunta": 6, "descripcion": "Puerto de Barranqueras con Salta", "correcta": true, "seleccionada": false}}, {"model": "respuestas.respuesta", "pk": 27, "fields": {"creado": "2021-08-26T12:42:01.600Z", "modificado": "2021-08-26T12:42:01.600Z", "pregunta": 6, "descripcion": "Puerto de Barranqueras con Santiago del Estero", "correcta": false, "seleccionada": false}}, {"model": "respuestas.respuesta", "pk": 28, "fields": {"creado": "2021-08-26T13:06:18.734Z", "modificado": "2021-08-26T13:06:18.734Z", "pregunta": 7, "descripcion": "Juan Manel Silva", "correcta": true, "seleccionada": false}}, {"model": "respuestas.respuesta", "pk": 29, "fields": {"creado": "2021-08-26T13:06:37.130Z", "modificado": "2021-08-26T13:06:37.130Z", "pregunta": 7, "descripcion": "Giorgio Carrara", "correcta": false, "seleccionada": false}}, {"model": "respuestas.respuesta", "pk": 30, "fields": {"creado": "2021-08-26T13:06:56.764Z", "modificado": "2021-08-26T13:06:56.764Z", "pregunta": 7, "descripcion": "Marcos Siebert", "correcta": false, "seleccionada": false}}, {"model": "respuestas.respuesta", "pk": 31, "fields": {"creado": "2021-08-26T13:07:18.702Z", "modificado": "2021-08-26T13:07:18.702Z", "pregunta": 8, "descripcion": "B\u00e1squet", "correcta": true, "seleccionada": false}}, {"model": "respuestas.respuesta", "pk": 33, "fields": {"creado": "2021-08-26T13:08:05.812Z", "modificado": "2021-08-26T13:08:05.812Z", "pregunta": 8, "descripcion": "F\u00fatbol", "correcta": false, "seleccionada": false}}, {"model": "respuestas.respuesta", "pk": 34, "fields": {"creado": "2021-08-26T13:08:26.597Z", "modificado": "2021-08-26T13:08:26.597Z", "pregunta": 8, "descripcion": "Jockey", "correcta": false, "seleccionada": false}}, {"model": "respuestas.respuesta", "pk": 35, "fields": {"creado": "2021-08-26T13:09:25.464Z", "modificado": "2021-08-26T13:09:25.464Z", "pregunta": 9, "descripcion": "Nataci\u00f3n", "correcta": false, "seleccionada": false}}, {"model": "respuestas.respuesta", "pk": 36, "fields": {"creado": "2021-08-26T13:09:36.178Z", "modificado": "2021-08-26T13:09:36.178Z", "pregunta": 9, "descripcion": "Remo", "correcta": false, "seleccionada": false}}, {"model": "respuestas.respuesta", "pk": 37, "fields": {"creado": "2021-08-26T13:09:46.723Z", "modificado": "2021-08-26T13:09:46.723Z", "pregunta": 9, "descripcion": "Atletismo", "correcta": true, "seleccionada": false}}, {"model": "respuestas.respuesta", "pk": 38, "fields": {"creado": "2021-08-26T13:10:08.730Z", "modificado": "2021-08-26T13:10:08.730Z", "pregunta": 10, "descripcion": "For Ever", "correcta": false, "seleccionada": false}}, {"model": "respuestas.respuesta", "pk": 39, "fields": {"creado": "2021-08-26T13:10:27.848Z", "modificado": "2021-08-26T13:10:27.848Z", "pregunta": 10, "descripcion": "Sarmiento", "correcta": true, "seleccionada": false}}, {"model": "respuestas.respuesta", "pk": 40, "fields": {"creado": "2021-08-26T13:10:44.497Z", "modificado": "2021-08-26T13:10:44.497Z", "pregunta": 10, "descripcion": "Don Orione", "correcta": false, "seleccionada": false}}, {"model": "respuestas.respuesta", "pk": 41, "fields": {"creado": "2021-08-26T13:11:44.435Z", "modificado": "2021-08-26T13:11:44.435Z", "pregunta": 11, "descripcion": "Acorde\u00f3n", "correcta": false, "seleccionada": false}}, {"model": "respuestas.respuesta", "pk": 42, "fields": {"creado": "2021-08-26T13:12:08.119Z", "modificado": "2021-08-26T13:12:08.119Z", "pregunta": 11, "descripcion": "N'vik\u00e9", "correcta": true, "seleccionada": false}}, {"model": "respuestas.respuesta", "pk": 43, "fields": {"creado": "2021-08-26T13:14:49.537Z", "modificado": "2021-08-26T13:14:49.537Z", "pregunta": 11, "descripcion": "Charango", "correcta": false, "seleccionada": false}}, {"model": "respuestas.respuesta", "pk": 44, "fields": {"creado": "2021-08-26T13:15:23.733Z", "modificado": "2021-08-26T13:15:23.733Z", "pregunta": 12, "descripcion": "La caza comunal de animales", "correcta": true, "seleccionada": false}}, {"model": "respuestas.respuesta", "pk": 45, "fields": {"creado": "2021-08-26T13:15:53.938Z", "modificado": "2021-08-26T13:15:53.938Z", "pregunta": 12, "descripcion": "Nombre de un \u00e1rbol que abunda en la regi\u00f3n", "correcta": false, "seleccionada": false}}, {"model": "respuestas.respuesta", "pk": 46, "fields": {"creado": "2021-08-26T13:16:10.274Z", "modificado": "2021-08-26T13:16:10.274Z", "pregunta": 12, "descripcion": "Nombre de un animal", "correcta": false, "seleccionada": false}}, {"model": "respuestas.respuesta", "pk": 47, "fields": {"creado": "2021-08-26T13:17:01.698Z", "modificado": "2021-08-26T13:17:01.698Z", "pregunta": 13, "descripcion": "99.633 Km\u00b2", "correcta": true, "seleccionada": false}}, {"model": "respuestas.respuesta", "pk": 48, "fields": {"creado": "2021-08-26T13:17:17.231Z", "modificado": "2021-08-26T13:17:17.231Z", "pregunta": 13, "descripcion": "32.565 Km\u00b2", "correcta": false, "seleccionada": false}}, {"model": "respuestas.respuesta", "pk": 49, "fields": {"creado": "2021-08-26T13:17:35.561Z", "modificado": "2021-08-26T13:17:35.561Z", "pregunta": 13, "descripcion": "29.900 Km\u00b2", "correcta": false, "seleccionada": false}}, {"model": "respuestas.respuesta", "pk": 50, "fields": {"creado": "2021-08-26T13:17:53.885Z", "modificado": "2021-08-26T13:17:53.886Z", "pregunta": 14, "descripcion": "300.000", "correcta": false, "seleccionada": false}}, {"model": "respuestas.respuesta", "pk": 51, "fields": {"creado": "2021-08-26T13:18:07.826Z", "modificado": "2021-08-26T13:18:07.826Z", "pregunta": 14, "descripcion": "2.000.000", "correcta": false, "seleccionada": false}}, {"model": "respuestas.respuesta", "pk": 52, "fields": {"creado": "2021-08-26T13:18:25.731Z", "modificado": "2021-08-26T13:18:25.731Z", "pregunta": 14, "descripcion": "1.000.000", "correcta": true, "seleccionada": false}}, {"model": "respuestas.respuesta", "pk": 53, "fields": {"creado": "2021-08-26T13:18:51.814Z", "modificado": "2021-08-26T13:18:51.814Z", "pregunta": 15, "descripcion": "Gral. Lorenzo Winter", "correcta": false, "seleccionada": false}}, {"model": "respuestas.respuesta", "pk": 54, "fields": {"creado": "2021-08-26T13:19:07.900Z", "modificado": "2021-08-26T13:19:07.900Z", "pregunta": 15, "descripcion": "Gral. Julio de Vedia", "correcta": true, "seleccionada": false}}, {"model": "respuestas.respuesta", "pk": 55, "fields": {"creado": "2021-08-26T13:19:37.783Z", "modificado": "2021-08-26T13:19:37.783Z", "pregunta": 15, "descripcion": "Gral. Antonio D\u00f3novan", "correcta": false, "seleccionada": false}}, {"model": "respuestas.respuesta", "pk": 56, "fields": {"creado": "2021-08-26T13:19:53.277Z", "modificado": "2021-08-26T13:19:53.277Z", "pregunta": 16, "descripcion": "Tony Zalazar", "correcta": false, "seleccionada": false}}, {"model": "respuestas.respuesta", "pk": 57, "fields": {"creado": "2021-08-26T13:20:21.462Z", "modificado": "2021-08-26T13:20:21.462Z", "pregunta": 16, "descripcion": "Aledo Luis Meloni", "correcta": true, "seleccionada": false}}, {"model": "respuestas.respuesta", "pk": 58, "fields": {"creado": "2021-08-26T13:21:08.412Z", "modificado": "2021-08-26T13:21:08.412Z", "pregunta": 16, "descripcion": "Tete Romero", "correcta": false, "seleccionada": false}}, {"model": "respuestas.respuesta", "pk": 59, "fields": {"creado": "2021-08-26T13:22:07.918Z", "modificado": "2021-08-26T13:22:07.918Z", "pregunta": 17, "descripcion": "Los Departamentos Provinciales", "correcta": true, "seleccionada": false}}, {"model": "respuestas.respuesta", "pk": 60, "fields": {"creado": "2021-08-26T13:22:26.076Z", "modificado": "2021-08-26T13:22:26.076Z", "pregunta": 17, "descripcion": "Las ciudades principales", "correcta": false, "seleccionada": false}}, {"model": "respuestas.respuesta", "pk": 61, "fields": {"creado": "2021-08-26T13:23:02.587Z", "modificado": "2021-08-26T13:23:02.587Z", "pregunta": 17, "descripcion": "Grandes personajes que forzaron Chaco", "correcta": false, "seleccionada": false}}, {"model": "respuestas.respuesta", "pk": 62, "fields": {"creado": "2021-08-26T13:23:39.241Z", "modificado": "2021-08-26T13:23:39.241Z", "pregunta": 18, "descripcion": "La Municipalidad de la Ciudad", "correcta": false, "seleccionada": false}}, {"model": "respuestas.respuesta", "pk": 63, "fields": {"creado": "2021-08-26T13:25:07.425Z", "modificado": "2021-08-26T13:25:07.426Z", "pregunta": 18, "descripcion": "El Fog\u00f3n de los Arrieros", "correcta": false, "seleccionada": false}}, {"model": "respuestas.respuesta", "pk": 64, "fields": {"creado": "2021-08-26T13:25:32.051Z", "modificado": "2021-08-26T13:25:32.051Z", "pregunta": 18, "descripcion": "Casa de Gobierno", "correcta": true, "seleccionada": false}}, {"model": "respuestas.respuesta", "pk": 65, "fields": {"creado": "2021-08-26T13:25:48.293Z", "modificado": "2021-08-26T13:25:48.293Z", "pregunta": 19, "descripcion": "Ca\u00f1a de az\u00facar", "correcta": false, "seleccionada": false}}, {"model": "respuestas.respuesta", "pk": 66, "fields": {"creado": "2021-08-26T13:26:09.170Z", "modificado": "2021-08-26T13:26:09.170Z", "pregunta": 19, "descripcion": "Algod\u00f3n", "correcta": true, "seleccionada": false}}, {"model": "respuestas.respuesta", "pk": 67, "fields": {"creado": "2021-08-26T13:26:42.075Z", "modificado": "2021-08-26T13:26:42.075Z", "pregunta": 19, "descripcion": "Producci\u00f3n de tanino", "correcta": false, "seleccionada": false}}, {"model": "respuestas.respuesta", "pk": 68, "fields": {"creado": "2021-08-26T13:27:19.201Z", "modificado": "2021-08-26T13:27:19.201Z", "pregunta": 20, "descripcion": "Flor del Cardo", "correcta": false, "seleccionada": false}}, {"model": "respuestas.respuesta", "pk": 69, "fields": {"creado": "2021-08-26T13:27:36.165Z", "modificado": "2021-08-26T13:27:36.166Z", "pregunta": 20, "descripcion": "Flor del Ceibo", "correcta": false, "seleccionada": false}}, {"model": "respuestas.respuesta", "pk": 70, "fields": {"creado": "2021-08-26T13:29:36.798Z", "modificado": "2021-08-26T13:29:36.798Z", "pregunta": 20, "descripcion": "Flor Rosada del Palo Borracho", "correcta": true, "seleccionada": false}}, {"model": "respuestas.respuesta", "pk": 71, "fields": {"creado": "2021-08-26T13:30:27.948Z", "modificado": "2021-08-26T13:30:27.948Z", "pregunta": 21, "descripcion": "El coro polif\u00f3nico de Resistencia", "correcta": false, "seleccionada": false}}, {"model": "respuestas.respuesta", "pk": 72, "fields": {"creado": "2021-08-26T13:30:47.116Z", "modificado": "2021-08-26T13:30:47.116Z", "pregunta": 21, "descripcion": "El coro de ni\u00f1os", "correcta": false, "seleccionada": false}}, {"model": "respuestas.respuesta", "pk": 73, "fields": {"creado": "2021-08-26T13:31:11.561Z", "modificado": "2021-08-26T13:31:11.561Z", "pregunta": 21, "descripcion": "El coro Chelaalap\u00ed", "correcta": true, "seleccionada": false}}, {"model": "respuestas.respuesta", "pk": 74, "fields": {"creado": "2021-08-26T13:31:30.362Z", "modificado": "2021-08-26T13:31:30.362Z", "pregunta": 22, "descripcion": "Gabriel Grotti", "correcta": false, "seleccionada": false}}, {"model": "respuestas.respuesta", "pk": 75, "fields": {"creado": "2021-08-26T13:31:49.571Z", "modificado": "2021-08-26T13:31:49.571Z", "pregunta": 22, "descripcion": "Nicol\u00e1s de Carlo", "correcta": true, "seleccionada": false}}, {"model": "respuestas.respuesta", "pk": 76, "fields": {"creado": "2021-08-26T13:32:09.833Z", "modificado": "2021-08-26T13:32:09.833Z", "pregunta": 22, "descripcion": "Jos\u00e9 Alumni", "correcta": false, "seleccionada": false}}, {"model": "respuestas.respuesta", "pk": 77, "fields": {"creado": "2021-08-26T13:32:23.626Z", "modificado": "2021-08-26T13:32:23.626Z", "pregunta": 23, "descripcion": "1973", "correcta": false, "seleccionada": false}}, {"model": "respuestas.respuesta", "pk": 78, "fields": {"creado": "2021-08-26T13:32:44.653Z", "modificado": "2021-08-26T13:32:44.654Z", "pregunta": 23, "descripcion": "1974", "correcta": true, "seleccionada": false}}, {"model": "respuestas.respuesta", "pk": 79, "fields": {"creado": "2021-08-26T13:32:55.696Z", "modificado": "2021-08-26T13:32:55.696Z", "pregunta": 23, "descripcion": "1976", "correcta": false, "seleccionada": false}}, {"model": "respuestas.respuesta", "pk": 80, "fields": {"creado": "2021-08-26T13:33:55.418Z", "modificado": "2021-08-26T13:33:55.418Z", "pregunta": 24, "descripcion": "8 de agosto de 1951", "correcta": true, "seleccionada": false}}, {"model": "respuestas.respuesta", "pk": 81, "fields": {"creado": "2021-08-26T13:34:19.629Z", "modificado": "2021-08-26T13:34:19.629Z", "pregunta": 24, "descripcion": "8 de agosto de 1958", "correcta": false, "seleccionada": false}}, {"model": "respuestas.respuesta", "pk": 82, "fields": {"creado": "2021-08-26T13:34:35.959Z", "modificado": "2021-08-26T13:34:35.959Z", "pregunta": 24, "descripcion": "8 de agosto de 1955", "correcta": false, "seleccionada": false}}, {"model": "respuestas.respuesta", "pk": 83, "fields": {"creado": "2021-08-26T13:35:01.256Z", "modificado": "2021-08-26T13:35:01.256Z", "pregunta": 25, "descripcion": "Qom", "correcta": true, "seleccionada": false}}, {"model": "respuestas.respuesta", "pk": 84, "fields": {"creado": "2021-08-26T13:35:23.203Z", "modificado": "2021-08-26T13:35:23.203Z", "pregunta": 25, "descripcion": "Moqoi", "correcta": true, "seleccionada": false}}, {"model": "respuestas.respuesta", "pk": 85, "fields": {"creado": "2021-08-26T13:35:38.952Z", "modificado": "2021-08-26T13:35:38.952Z", "pregunta": 25, "descripcion": "Wichi", "correcta": true, "seleccionada": false}}, {"model": "respuestas.respuesta", "pk": 86, "fields": {"creado": "2021-08-26T13:36:00.662Z", "modificado": "2021-08-26T13:36:00.662Z", "pregunta": 25, "descripcion": "Vilelas", "correcta": true, "seleccionada": false}}, {"model": "respuestas.respuesta", "pk": 87, "fields": {"creado": "2021-08-26T13:36:20.803Z", "modificado": "2021-08-26T13:36:20.803Z", "pregunta": 25, "descripcion": "Guaran\u00edes", "correcta": false, "seleccionada": false}}, {"model": "respuestas.respuesta", "pk": 88, "fields": {"creado": "2021-08-26T13:39:05.534Z", "modificado": "2021-08-26T13:39:05.534Z", "pregunta": 27, "descripcion": "Felipe Gallardo", "correcta": true, "seleccionada": false}}, {"model": "respuestas.respuesta", "pk": 89, "fields": {"creado": "2021-08-26T13:39:27.546Z", "modificado": "2021-08-26T13:39:27.546Z", "pregunta": 27, "descripcion": "Danilo Baroni", "correcta": false, "seleccionada": false}}, {"model": "respuestas.respuesta", "pk": 90, "fields": {"creado": "2021-08-26T13:39:55.924Z", "modificado": "2021-08-26T13:39:55.924Z", "pregunta": 27, "descripcion": "Deolindo Bittel", "correcta": false, "seleccionada": false}}, {"model": "respuestas.respuesta", "pk": 91, "fields": {"creado": "2021-08-26T13:46:58.709Z", "modificado": "2021-08-26T13:46:58.709Z", "pregunta": 28, "descripcion": "Esteco", "correcta": false, "seleccionada": false}}, {"model": "respuestas.respuesta", "pk": 92, "fields": {"creado": "2021-08-26T13:49:49.026Z", "modificado": "2021-08-26T13:49:49.026Z", "pregunta": 28, "descripcion": "Concepci\u00f3n del Bermejo", "correcta": true, "seleccionada": false}}, {"model": "respuestas.respuesta", "pk": 93, "fields": {"creado": "2021-08-26T13:50:45.269Z", "modificado": "2021-08-26T13:50:45.269Z", "pregunta": 28, "descripcion": "San Fernando del R\u00edo Negro", "correcta": false, "seleccionada": false}}, {"model": "respuestas.respuesta", "pk": 94, "fields": {"creado": "2021-08-26T13:51:16.454Z", "modificado": "2021-08-26T13:51:16.454Z", "pregunta": 29, "descripcion": "Ciudad espa\u00f1ola", "correcta": false, "seleccionada": false}}, {"model": "respuestas.respuesta", "pk": 95, "fields": {"creado": "2021-08-26T13:51:46.697Z", "modificado": "2021-08-26T13:51:46.697Z", "pregunta": 29, "descripcion": "Reducci\u00f3n de los Jesuitas", "correcta": true, "seleccionada": false}}, {"model": "respuestas.respuesta", "pk": 96, "fields": {"creado": "2021-08-26T13:52:09.037Z", "modificado": "2021-08-26T13:52:09.037Z", "pregunta": 29, "descripcion": "Misi\u00f3n franciscana", "correcta": false, "seleccionada": false}}, {"model": "respuestas.respuesta", "pk": 97, "fields": {"creado": "2021-08-26T13:54:36.188Z", "modificado": "2021-08-26T13:54:36.188Z", "pregunta": 30, "descripcion": "San Carlos del Timbo", "correcta": false, "seleccionada": false}}, {"model": "respuestas.respuesta", "pk": 98, "fields": {"creado": "2021-08-26T13:54:59.832Z", "modificado": "2021-08-26T13:54:59.832Z", "pregunta": 30, "descripcion": "San Bernardo de V\u00e9rtiz", "correcta": false, "seleccionada": false}}, {"model": "respuestas.respuesta", "pk": 99, "fields": {"creado": "2021-08-26T13:55:36.425Z", "modificado": "2021-08-26T13:55:36.425Z", "pregunta": 30, "descripcion": "Nuestra Se\u00f1ora de los Dolores de la Cangaye", "correcta": true, "seleccionada": false}}, {"model": "respuestas.respuesta", "pk": 100, "fields": {"creado": "2021-08-26T13:57:09.348Z", "modificado": "2021-08-26T13:57:09.348Z", "pregunta": 31, "descripcion": "1810", "correcta": false, "seleccionada": false}}, {"model": "respuestas.respuesta", "pk": 101, "fields": {"creado": "2021-08-26T13:57:33.764Z", "modificado": "2021-08-26T13:57:33.764Z", "pregunta": 31, "descripcion": "1862", "correcta": true, "seleccionada": false}}, {"model": "respuestas.respuesta", "pk": 102, "fields": {"creado": "2021-08-26T13:58:08.408Z", "modificado": "2021-08-26T13:58:08.408Z", "pregunta": 31, "descripcion": "1900", "correcta": false, "seleccionada": false}}, {"model": "respuestas.respuesta", "pk": 103, "fields": {"creado": "2021-08-26T13:58:47.914Z", "modificado": "2021-08-26T13:58:47.914Z", "pregunta": 32, "descripcion": "Dos Gobernaciones (Chaco Austral y Chaco Central)", "correcta": true, "seleccionada": false}}, {"model": "respuestas.respuesta", "pk": 104, "fields": {"creado": "2021-08-26T13:59:05.039Z", "modificado": "2021-08-26T13:59:05.039Z", "pregunta": 32, "descripcion": "Tres Gobernaciones", "correcta": false, "seleccionada": false}}, {"model": "respuestas.respuesta", "pk": 105, "fields": {"creado": "2021-08-26T13:59:26.923Z", "modificado": "2021-08-26T13:59:26.923Z", "pregunta": 32, "descripcion": "Cuatro Gobernaciones", "correcta": false, "seleccionada": false}}, {"model": "respuestas.respuesta", "pk": 106, "fields": {"creado": "2021-08-26T14:00:16.809Z", "modificado": "2021-08-26T14:00:16.809Z", "pregunta": 33, "descripcion": "Eran elegidas por el voto popular", "correcta": false, "seleccionada": false}}, {"model": "respuestas.respuesta", "pk": 107, "fields": {"creado": "2021-08-26T14:00:46.954Z", "modificado": "2021-08-26T14:00:46.954Z", "pregunta": 33, "descripcion": "Eran nombradas por el Poder Ejecutivo Nacional", "correcta": true, "seleccionada": false}}, {"model": "respuestas.respuesta", "pk": 108, "fields": {"creado": "2021-08-26T14:01:12.615Z", "modificado": "2021-08-26T14:01:12.615Z", "pregunta": 34, "descripcion": "Durante la Triple Alianza", "correcta": false, "seleccionada": false}}, {"model": "respuestas.respuesta", "pk": 109, "fields": {"creado": "2021-08-26T14:01:41.753Z", "modificado": "2021-08-26T14:01:41.753Z", "pregunta": 34, "descripcion": "Al terminar la guerra de la Triple Alianza", "correcta": true, "seleccionada": false}}, {"model": "respuestas.respuesta", "pk": 110, "fields": {"creado": "2021-08-26T14:02:20.978Z", "modificado": "2021-08-26T14:02:20.978Z", "pregunta": 35, "descripcion": "Ley  Avellaneda sancionada en 1876", "correcta": true, "seleccionada": false}}, {"model": "respuestas.respuesta", "pk": 111, "fields": {"creado": "2021-08-26T14:02:41.321Z", "modificado": "2021-08-26T14:02:41.321Z", "pregunta": 35, "descripcion": "La ley de Bartolom\u00e9 Mitre", "correcta": false, "seleccionada": false}}, {"model": "respuestas.respuesta", "pk": 112, "fields": {"creado": "2021-08-26T14:03:12.224Z", "modificado": "2021-08-26T14:03:12.224Z", "pregunta": 35, "descripcion": "Ley 576 de 1872", "correcta": false, "seleccionada": false}}, {"model": "respuestas.respuesta", "pk": 113, "fields": {"creado": "2021-08-26T14:03:50.718Z", "modificado": "2021-08-26T14:03:50.718Z", "pregunta": 36, "descripcion": "Algod\u00f3n", "correcta": true, "seleccionada": false}}, {"model": "respuestas.respuesta", "pk": 114, "fields": {"creado": "2021-08-26T14:04:40.850Z", "modificado": "2021-08-26T14:04:40.850Z", "pregunta": 36, "descripcion": "Pesca", "correcta": false, "seleccionada": false}}, {"model": "respuestas.respuesta", "pk": 115, "fields": {"creado": "2021-08-26T14:04:52.379Z", "modificado": "2021-08-26T14:04:52.379Z", "pregunta": 36, "descripcion": "Caza", "correcta": false, "seleccionada": false}}, {"model": "respuestas.respuesta", "pk": 116, "fields": {"creado": "2021-08-26T14:05:18.735Z", "modificado": "2021-08-26T14:05:18.735Z", "pregunta": 37, "descripcion": "Resistencia", "correcta": false, "seleccionada": false}}, {"model": "respuestas.respuesta", "pk": 117, "fields": {"creado": "2021-08-26T14:05:36.202Z", "modificado": "2021-08-26T14:05:36.202Z", "pregunta": 37, "descripcion": "Puerto Tirol", "correcta": false, "seleccionada": false}}, {"model": "respuestas.respuesta", "pk": 118, "fields": {"creado": "2021-08-26T14:05:52.192Z", "modificado": "2021-08-26T14:05:52.192Z", "pregunta": 37, "descripcion": "Vicentini", "correcta": true, "seleccionada": false}}, {"model": "respuestas.respuesta", "pk": 119, "fields": {"creado": "2021-08-26T14:06:06.412Z", "modificado": "2021-08-26T14:06:06.412Z", "pregunta": 37, "descripcion": "La Verde", "correcta": false, "seleccionada": false}}, {"model": "respuestas.respuesta", "pk": 120, "fields": {"creado": "2021-08-26T14:06:20.547Z", "modificado": "2021-08-26T14:06:20.547Z", "pregunta": 37, "descripcion": "La Escondida", "correcta": false, "seleccionada": false}}, {"model": "respuestas.respuesta", "pk": 121, "fields": {"creado": "2021-08-26T14:06:43.581Z", "modificado": "2021-08-26T14:06:43.581Z", "pregunta": 38, "descripcion": "Resistencia", "correcta": false, "seleccionada": false}}, {"model": "respuestas.respuesta", "pk": 122, "fields": {"creado": "2021-08-26T14:07:00.843Z", "modificado": "2021-08-26T14:07:00.843Z", "pregunta": 38, "descripcion": "Margarita Bel\u00e9n", "correcta": false, "seleccionada": false}}, {"model": "respuestas.respuesta", "pk": 123, "fields": {"creado": "2021-08-26T14:07:36.097Z", "modificado": "2021-08-26T14:07:36.097Z", "pregunta": 38, "descripcion": "Quitilipi", "correcta": true, "seleccionada": false}}, {"model": "respuestas.respuesta", "pk": 124, "fields": {"creado": "2021-08-26T14:07:48.896Z", "modificado": "2021-08-26T14:07:48.896Z", "pregunta": 38, "descripcion": "Machagai", "correcta": true, "seleccionada": false}}, {"model": "respuestas.respuesta", "pk": 125, "fields": {"creado": "2021-08-26T14:08:26.551Z", "modificado": "2021-08-26T14:08:26.551Z", "pregunta": 39, "descripcion": "1951", "correcta": true, "seleccionada": false}}, {"model": "respuestas.respuesta", "pk": 126, "fields": {"creado": "2021-08-26T14:08:36.608Z", "modificado": "2021-08-26T14:08:36.609Z", "pregunta": 39, "descripcion": "1994", "correcta": false, "seleccionada": false}}, {"model": "respuestas.respuesta", "pk": 127, "fields": {"creado": "2021-08-26T14:08:47.041Z", "modificado": "2021-08-26T14:08:47.041Z", "pregunta": 39, "descripcion": "1862", "correcta": false, "seleccionada": false}}, {"model": "respuestas.respuesta", "pk": 128, "fields": {"creado": "2021-08-26T14:09:12.966Z", "modificado": "2021-08-26T14:09:12.966Z", "pregunta": 40, "descripcion": "25", "correcta": true, "seleccionada": false}}, {"model": "respuestas.respuesta", "pk": 129, "fields": {"creado": "2021-08-26T14:09:25.260Z", "modificado": "2021-08-26T14:09:25.260Z", "pregunta": 40, "descripcion": "20", "correcta": false, "seleccionada": false}}, {"model": "respuestas.respuesta", "pk": 130, "fields": {"creado": "2021-08-26T14:09:36.525Z", "modificado": "2021-08-26T14:09:36.525Z", "pregunta": 40, "descripcion": "10", "correcta": false, "seleccionada": false}}, {"model": "respuestas.respuesta", "pk": 131, "fields": {"creado": "2021-08-26T14:09:46.258Z", "modificado": "2021-08-26T14:09:46.258Z", "pregunta": 41, "descripcion": "5", "correcta": false, "seleccionada": false}}, {"model": "respuestas.respuesta", "pk": 132, "fields": {"creado": "2021-08-26T14:09:54.304Z", "modificado": "2021-08-26T14:09:54.304Z", "pregunta": 41, "descripcion": "4", "correcta": false, "seleccionada": false}}, {"model": "respuestas.respuesta", "pk": 133, "fields": {"creado": "2021-08-26T14:10:10.737Z", "modificado": "2021-08-26T14:10:10.737Z", "pregunta": 41, "descripcion": "3", "correcta": true, "seleccionada": false}}, {"model": "respuestas.respuesta", "pk": 134, "fields": {"creado": "2021-08-26T14:10:34.886Z", "modificado": "2021-08-26T14:10:34.886Z", "pregunta": 42, "descripcion": "Entre Santa Silvina y Resistencia", "correcta": false, "seleccionada": false}}, {"model": "respuestas.respuesta", "pk": 135, "fields": {"creado": "2021-08-26T14:11:16.387Z", "modificado": "2021-08-26T14:11:16.387Z", "pregunta": 42, "descripcion": "Entre Resistencia y Pampa del Infierno", "correcta": true, "seleccionada": false}}, {"model": "respuestas.respuesta", "pk": 136, "fields": {"creado": "2021-08-26T14:12:45.260Z", "modificado": "2021-08-26T14:12:45.260Z", "pregunta": 42, "descripcion": "Entre Resistencia y Juan Jos\u00e9 Castelli", "correcta": false, "seleccionada": false}}, {"model": "respuestas.respuesta", "pk": 137, "fields": {"creado": "2021-08-26T14:16:50.039Z", "modificado": "2021-08-26T14:16:50.039Z", "pregunta": 43, "descripcion": "Villa Occidental", "correcta": true, "seleccionada": false}}, {"model": "respuestas.respuesta", "pk": 138, "fields": {"creado": "2021-08-26T14:17:15.384Z", "modificado": "2021-08-26T14:17:15.384Z", "pregunta": 43, "descripcion": "Resistencia", "correcta": false, "seleccionada": false}}, {"model": "respuestas.respuesta", "pk": 139, "fields": {"creado": "2021-08-26T14:33:57.543Z", "modificado": "2021-08-26T14:33:57.543Z", "pregunta": 44, "descripcion": "Parque Nacional Chaco", "correcta": true, "seleccionada": false}}, {"model": "respuestas.respuesta", "pk": 140, "fields": {"creado": "2021-08-26T14:34:58.221Z", "modificado": "2021-08-26T14:34:58.221Z", "pregunta": 44, "descripcion": "Parque Nacional El Impenetrable", "correcta": false, "seleccionada": false}}, {"model": "respuestas.respuesta", "pk": 141, "fields": {"creado": "2021-08-26T14:35:31.372Z", "modificado": "2021-08-26T14:35:31.372Z", "pregunta": 44, "descripcion": "Parque Nacional Iber\u00e1", "correcta": false, "seleccionada": false}}, {"model": "respuestas.respuesta", "pk": 142, "fields": {"creado": "2021-08-26T14:35:54.810Z", "modificado": "2021-08-26T14:35:54.810Z", "pregunta": 45, "descripcion": "Museo a cielo abierto de meteoritos", "correcta": true, "seleccionada": false}}, {"model": "respuestas.respuesta", "pk": 143, "fields": {"creado": "2021-08-26T14:36:14.843Z", "modificado": "2021-08-26T14:36:14.843Z", "pregunta": 45, "descripcion": "Capital de los Inmigrantes", "correcta": false, "seleccionada": false}}, {"model": "respuestas.respuesta", "pk": 144, "fields": {"creado": "2021-08-26T14:36:47.084Z", "modificado": "2021-08-26T14:36:47.084Z", "pregunta": 45, "descripcion": "Ciudad de las Esculturas", "correcta": false, "seleccionada": false}}, {"model": "respuestas.respuesta", "pk": 145, "fields": {"creado": "2021-08-26T14:37:16.374Z", "modificado": "2021-08-26T14:37:16.374Z", "pregunta": 46, "descripcion": "Fiesta del Dorado", "correcta": true, "seleccionada": false}}, {"model": "respuestas.respuesta", "pk": 146, "fields": {"creado": "2021-08-26T14:37:47.416Z", "modificado": "2021-08-26T14:37:47.416Z", "pregunta": 46, "descripcion": "Fiesta del Surub\u00ed", "correcta": false, "seleccionada": false}}, {"model": "respuestas.respuesta", "pk": 147, "fields": {"creado": "2021-08-26T14:38:05.708Z", "modificado": "2021-08-26T14:38:05.708Z", "pregunta": 46, "descripcion": "Fiesta del Moncholo", "correcta": false, "seleccionada": false}}, {"model": "respuestas.respuesta", "pk": 148, "fields": {"creado": "2021-08-26T14:38:19.997Z", "modificado": "2021-08-26T14:38:19.997Z", "pregunta": 47, "descripcion": "Castelli", "correcta": false, "seleccionada": false}}, {"model": "respuestas.respuesta", "pk": 149, "fields": {"creado": "2021-08-26T14:38:37.611Z", "modificado": "2021-08-26T14:38:37.611Z", "pregunta": 47, "descripcion": "Las Bre\u00f1as", "correcta": true, "seleccionada": false}}, {"model": "respuestas.respuesta", "pk": 150, "fields": {"creado": "2021-08-26T14:39:00.272Z", "modificado": "2021-08-26T14:39:00.272Z", "pregunta": 47, "descripcion": "Puerto Tirol", "correcta": false, "seleccionada": false}}, {"model": "respuestas.respuesta", "pk": 151, "fields": {"creado": "2021-08-26T14:39:16.173Z", "modificado": "2021-08-26T14:39:16.173Z", "pregunta": 48, "descripcion": "Puerto Vilelas", "correcta": false, "seleccionada": false}}, {"model": "respuestas.respuesta", "pk": 152, "fields": {"creado": "2021-08-26T14:39:31.870Z", "modificado": "2021-08-26T14:39:31.870Z", "pregunta": 48, "descripcion": "Charata", "correcta": false, "seleccionada": false}}, {"model": "respuestas.respuesta", "pk": 153, "fields": {"creado": "2021-08-26T14:39:50.990Z", "modificado": "2021-08-26T14:39:50.990Z", "pregunta": 48, "descripcion": "Puerto Tirol", "correcta": true, "seleccionada": false}}, {"model": "respuestas.respuesta", "pk": 154, "fields": {"creado": "2021-08-26T14:40:13.057Z", "modificado": "2021-08-26T14:40:13.057Z", "pregunta": 49, "descripcion": "Pampa del Indio", "correcta": true, "seleccionada": false}}, {"model": "respuestas.respuesta", "pk": 155, "fields": {"creado": "2021-08-26T14:40:36.630Z", "modificado": "2021-08-26T14:40:36.630Z", "pregunta": 49, "descripcion": "Pampa del Infierno", "correcta": false, "seleccionada": false}}, {"model": "respuestas.respuesta", "pk": 156, "fields": {"creado": "2021-08-26T14:41:02.434Z", "modificado": "2021-08-26T14:41:02.435Z", "pregunta": 49, "descripcion": "Castelli", "correcta": false, "seleccionada": false}}, {"model": "respuestas.respuesta", "pk": 157, "fields": {"creado": "2021-08-26T14:41:19.957Z", "modificado": "2021-08-26T14:41:19.958Z", "pregunta": 50, "descripcion": "Charata", "correcta": false, "seleccionada": false}}, {"model": "respuestas.respuesta", "pk": 158, "fields": {"creado": "2021-08-26T14:41:35.713Z", "modificado": "2021-08-26T14:41:35.713Z", "pregunta": 50, "descripcion": "Gancedo", "correcta": false, "seleccionada": false}}, {"model": "respuestas.respuesta", "pk": 159, "fields": {"creado": "2021-08-26T14:42:06.267Z", "modificado": "2021-08-26T14:42:06.267Z", "pregunta": 50, "descripcion": "Presidencia Roque S\u00e1enz Pe\u00f1a", "correcta": true, "seleccionada": false}}, {"model": "respuestas.respuesta", "pk": 160, "fields": {"creado": "2021-08-26T14:42:40.358Z", "modificado": "2021-08-26T14:42:40.358Z", "pregunta": 51, "descripcion": "Reserva Natural Provincial Fuerte Esperanza", "correcta": true, "seleccionada": false}}, {"model": "respuestas.respuesta", "pk": 161, "fields": {"creado": "2021-08-26T14:43:02.036Z", "modificado": "2021-08-26T14:43:02.036Z", "pregunta": 51, "descripcion": "Parque Provincial Loro Hablador", "correcta": true, "seleccionada": false}}, {"model": "respuestas.respuesta", "pk": 162, "fields": {"creado": "2021-08-26T14:43:25.627Z", "modificado": "2021-08-26T14:43:25.628Z", "pregunta": 51, "descripcion": "Campo del Cielo", "correcta": false, "seleccionada": false}}, {"model": "respuestas.respuesta", "pk": 163, "fields": {"creado": "2021-08-26T14:43:42.220Z", "modificado": "2021-08-26T14:43:42.220Z", "pregunta": 51, "descripcion": "Villa R\u00edo Bermejito", "correcta": false, "seleccionada": false}}, {"model": "respuestas.respuesta", "pk": 164, "fields": {"creado": "2021-08-26T14:43:56.993Z", "modificado": "2021-08-26T14:43:56.993Z", "pregunta": 52, "descripcion": "Las Bre\u00f1as", "correcta": false, "seleccionada": false}}, {"model": "respuestas.respuesta", "pk": 165, "fields": {"creado": "2021-08-26T14:44:07.493Z", "modificado": "2021-08-26T14:44:07.493Z", "pregunta": 52, "descripcion": "Fontana", "correcta": false, "seleccionada": false}}, {"model": "respuestas.respuesta", "pk": 166, "fields": {"creado": "2021-08-26T14:44:27.739Z", "modificado": "2021-08-26T14:44:27.739Z", "pregunta": 52, "descripcion": "Quitilipi", "correcta": true, "seleccionada": false}}, {"model": "respuestas.respuesta", "pk": 167, "fields": {"creado": "2021-08-26T14:44:45.461Z", "modificado": "2021-08-26T14:44:45.461Z", "pregunta": 53, "descripcion": "R\u00edo Pilcomayo", "correcta": false, "seleccionada": false}}, {"model": "respuestas.respuesta", "pk": 168, "fields": {"creado": "2021-08-26T14:45:07.129Z", "modificado": "2021-08-26T14:45:07.129Z", "pregunta": 53, "descripcion": "R\u00edo Bermejo", "correcta": true, "seleccionada": false}}, {"model": "respuestas.respuesta", "pk": 169, "fields": {"creado": "2021-08-26T14:45:21.819Z", "modificado": "2021-08-26T14:45:21.819Z", "pregunta": 53, "descripcion": "R\u00edo Negro", "correcta": false, "seleccionada": false}}, {"model": "respuestas.respuesta", "pk": 170, "fields": {"creado": "2021-08-26T14:45:36.876Z", "modificado": "2021-08-26T14:45:36.876Z", "pregunta": 54, "descripcion": "Monta\u00f1a", "correcta": false, "seleccionada": false}}, {"model": "respuestas.respuesta", "pk": 171, "fields": {"creado": "2021-08-26T14:45:49.104Z", "modificado": "2021-08-26T14:45:49.104Z", "pregunta": 54, "descripcion": "Sierra", "correcta": false, "seleccionada": false}}, {"model": "respuestas.respuesta", "pk": 172, "fields": {"creado": "2021-08-26T14:46:07.685Z", "modificado": "2021-08-26T14:46:07.685Z", "pregunta": 54, "descripcion": "Llanura", "correcta": true, "seleccionada": false}}, {"model": "respuestas.respuesta", "pk": 173, "fields": {"creado": "2021-08-26T14:46:27.098Z", "modificado": "2021-08-26T14:46:27.098Z", "pregunta": 55, "descripcion": "Paran\u00e1", "correcta": false, "seleccionada": false}}, {"model": "respuestas.respuesta", "pk": 174, "fields": {"creado": "2021-08-26T14:46:39.379Z", "modificado": "2021-08-26T14:46:39.379Z", "pregunta": 55, "descripcion": "Oro", "correcta": true, "seleccionada": false}}, {"model": "respuestas.respuesta", "pk": 175, "fields": {"creado": "2021-08-26T14:46:50.595Z", "modificado": "2021-08-26T14:46:50.595Z", "pregunta": 55, "descripcion": "Tragadero", "correcta": true, "seleccionada": false}}, {"model": "respuestas.respuesta", "pk": 176, "fields": {"creado": "2021-08-26T14:47:05.256Z", "modificado": "2021-08-26T14:47:05.256Z", "pregunta": 55, "descripcion": "Paraguay", "correcta": false, "seleccionada": false}}, {"model": "respuestas.respuesta", "pk": 177, "fields": {"creado": "2021-08-26T14:47:26.680Z", "modificado": "2021-08-26T14:47:26.680Z", "pregunta": 55, "descripcion": "Negro", "correcta": true, "seleccionada": false}}, {"model": "respuestas.respuesta", "pk": 178, "fields": {"creado": "2021-08-26T14:47:48.413Z", "modificado": "2021-08-26T14:47:48.413Z", "pregunta": 55, "descripcion": "Guycur\u00fa", "correcta": true, "seleccionada": false}}, {"model": "respuestas.respuesta", "pk": 179, "fields": {"creado": "2021-08-26T14:48:21.573Z", "modificado": "2021-08-26T14:48:21.573Z", "pregunta": 56, "descripcion": "Portal del Impenetrable", "correcta": true, "seleccionada": false}}, {"model": "respuestas.respuesta", "pk": 180, "fields": {"creado": "2021-08-26T14:48:36.683Z", "modificado": "2021-08-26T14:48:36.683Z", "pregunta": 56, "descripcion": "Perla del Paran\u00e1", "correcta": false, "seleccionada": false}}, {"model": "respuestas.respuesta", "pk": 181, "fields": {"creado": "2021-08-26T14:48:54.956Z", "modificado": "2021-08-26T14:48:54.956Z", "pregunta": 56, "descripcion": "Ciudad de las Esculturas", "correcta": false, "seleccionada": false}}, {"model": "respuestas.respuesta", "pk": 182, "fields": {"creado": "2021-08-26T14:49:11.665Z", "modificado": "2021-08-26T14:49:11.665Z", "pregunta": 57, "descripcion": "Baloncesto", "correcta": true, "seleccionada": false}}, {"model": "respuestas.respuesta", "pk": 183, "fields": {"creado": "2021-08-26T14:49:24.178Z", "modificado": "2021-08-26T14:49:24.178Z", "pregunta": 57, "descripcion": "F\u00fatbol", "correcta": false, "seleccionada": false}}, {"model": "respuestas.respuesta", "pk": 184, "fields": {"creado": "2021-08-26T14:49:41.011Z", "modificado": "2021-08-26T14:49:41.011Z", "pregunta": 57, "descripcion": "Nataci\u00f3n", "correcta": false, "seleccionada": false}}, {"model": "respuestas.respuesta", "pk": 185, "fields": {"creado": "2021-08-26T14:49:56.062Z", "modificado": "2021-08-26T14:49:56.062Z", "pregunta": 57, "descripcion": "Tiro", "correcta": false, "seleccionada": false}}, {"model": "respuestas.respuesta", "pk": 186, "fields": {"creado": "2021-08-26T14:50:39.585Z", "modificado": "2021-08-26T14:50:39.585Z", "pregunta": 58, "descripcion": "Museo Casa y Casa Jard\u00edn Schulz", "correcta": true, "seleccionada": false}}, {"model": "respuestas.respuesta", "pk": 187, "fields": {"creado": "2021-08-26T14:51:14.029Z", "modificado": "2021-08-26T14:51:14.029Z", "pregunta": 58, "descripcion": "Estaci\u00f3n Experimental Agropecuaria INTA", "correcta": false, "seleccionada": false}}, {"model": "respuestas.respuesta", "pk": 188, "fields": {"creado": "2021-08-26T14:51:36.577Z", "modificado": "2021-08-26T14:51:36.577Z", "pregunta": 58, "descripcion": "Museo a cielo abierto", "correcta": false, "seleccionada": false}}, {"model": "respuestas.respuesta", "pk": 189, "fields": {"creado": "2021-08-26T14:52:06.304Z", "modificado": "2021-08-26T14:52:06.304Z", "pregunta": 59, "descripcion": "Inmaculada Concepci\u00f3n de la Virgen Mar\u00eda", "correcta": true, "seleccionada": false}}, {"model": "respuestas.respuesta", "pk": 190, "fields": {"creado": "2021-08-26T14:52:26.381Z", "modificado": "2021-08-26T14:52:26.381Z", "pregunta": 59, "descripcion": "Virgen de Lourdes", "correcta": false, "seleccionada": false}}, {"model": "respuestas.respuesta", "pk": 191, "fields": {"creado": "2021-08-26T14:52:50.588Z", "modificado": "2021-08-26T14:52:50.588Z", "pregunta": 59, "descripcion": "Virgen de Itat\u00ed", "correcta": false, "seleccionada": false}}, {"model": "respuestas.respuesta", "pk": 192, "fields": {"creado": "2021-08-26T14:53:20.643Z", "modificado": "2021-08-26T14:53:20.643Z", "pregunta": 60, "descripcion": "San Fernando Rey", "correcta": true, "seleccionada": false}}, {"model": "respuestas.respuesta", "pk": 193, "fields": {"creado": "2021-08-26T14:53:40.313Z", "modificado": "2021-08-26T14:53:40.314Z", "pregunta": 60, "descripcion": "El Cura Brochero", "correcta": false, "seleccionada": false}}, {"model": "respuestas.respuesta", "pk": 194, "fields": {"creado": "2021-08-26T14:53:57.909Z", "modificado": "2021-08-26T14:53:57.909Z", "pregunta": 60, "descripcion": "Virgen de Itat\u00ed", "correcta": false, "seleccionada": false}}, {"model": "respuestas.respuesta", "pk": 195, "fields": {"creado": "2021-08-26T14:54:11.519Z", "modificado": "2021-08-26T14:54:11.519Z", "pregunta": 61, "descripcion": "Complejo Termal", "correcta": true, "seleccionada": false}}, {"model": "respuestas.respuesta", "pk": 196, "fields": {"creado": "2021-08-26T14:54:58.533Z", "modificado": "2021-08-26T14:54:58.533Z", "pregunta": 61, "descripcion": "Complejo Ecol\u00f3gico y Zool\u00f3gico", "correcta": true, "seleccionada": false}}, {"model": "respuestas.respuesta", "pk": 197, "fields": {"creado": "2021-08-26T14:55:24.221Z", "modificado": "2021-08-26T14:55:24.221Z", "pregunta": 61, "descripcion": "Museo Casa y Casa Jard\u00edn Schulz", "correcta": false, "seleccionada": false}}, {"model": "respuestas.respuesta", "pk": 198, "fields": {"creado": "2021-08-26T14:55:56.805Z", "modificado": "2021-08-26T14:55:56.805Z", "pregunta": 62, "descripcion": "Las ruinas del Ingenio Azucarero", "correcta": true, "seleccionada": false}}, {"model": "respuestas.respuesta", "pk": 199, "fields": {"creado": "2021-08-26T14:56:12.479Z", "modificado": "2021-08-26T14:56:12.479Z", "pregunta": 62, "descripcion": "Las Termas", "correcta": false, "seleccionada": false}}, {"model": "respuestas.respuesta", "pk": 200, "fields": {"creado": "2021-09-02T19:41:45.134Z", "modificado": "2021-09-02T19:41:45.134Z", "pregunta": 63, "descripcion": "La soja", "correcta": true, "seleccionada": false}}, {"model": "respuestas.respuesta", "pk": 201, "fields": {"creado": "2021-09-02T19:41:56.067Z", "modificado": "2021-09-02T19:41:56.067Z", "pregunta": 63, "descripcion": "La cebada", "correcta": false, "seleccionada": false}}, {"model": "respuestas.respuesta", "pk": 202, "fields": {"creado": "2021-09-02T19:42:09.509Z", "modificado": "2021-09-02T19:42:09.509Z", "pregunta": 63, "descripcion": "El sorgo", "correcta": true, "seleccionada": false}}, {"model": "respuestas.respuesta", "pk": 203, "fields": {"creado": "2021-09-02T19:42:24.101Z", "modificado": "2021-09-02T19:42:24.101Z", "pregunta": 63, "descripcion": "El ma\u00edz", "correcta": true, "seleccionada": false}}, {"model": "respuestas.respuesta", "pk": 204, "fields": {"creado": "2021-09-02T19:42:37.425Z", "modificado": "2021-09-02T19:42:37.425Z", "pregunta": 63, "descripcion": "El girasol", "correcta": false, "seleccionada": false}}, {"model": "respuestas.respuesta", "pk": 205, "fields": {"creado": "2021-09-02T19:43:35.507Z", "modificado": "2021-09-02T19:43:35.507Z", "pregunta": 64, "descripcion": "Santiago Perez Pons", "correcta": true, "seleccionada": false}}, {"model": "respuestas.respuesta", "pk": 206, "fields": {"creado": "2021-09-02T19:43:57.513Z", "modificado": "2021-09-02T19:43:57.513Z", "pregunta": 64, "descripcion": "Mart\u00edn Ritattore", "correcta": false, "seleccionada": false}}, {"model": "respuestas.respuesta", "pk": 207, "fields": {"creado": "2021-09-02T19:44:21.867Z", "modificado": "2021-09-02T19:44:21.867Z", "pregunta": 64, "descripcion": "Sebasti\u00e1n Martinez", "correcta": false, "seleccionada": false}}, {"model": "respuestas.respuesta", "pk": 208, "fields": {"creado": "2021-09-02T19:46:01.431Z", "modificado": "2021-09-02T19:46:01.431Z", "pregunta": 65, "descripcion": "Leche cultivada", "correcta": false, "seleccionada": false}}, {"model": "respuestas.respuesta", "pk": 209, "fields": {"creado": "2021-09-02T19:46:16.090Z", "modificado": "2021-09-02T19:46:16.090Z", "pregunta": 65, "descripcion": "Leche materna en polvo", "correcta": true, "seleccionada": false}}, {"model": "respuestas.respuesta", "pk": 210, "fields": {"creado": "2021-09-02T19:46:28.822Z", "modificado": "2021-09-02T19:46:28.822Z", "pregunta": 65, "descripcion": "Leche pasteurizada", "correcta": false, "seleccionada": false}}, {"model": "respuestas.respuesta", "pk": 211, "fields": {"creado": "2021-09-02T19:48:00.083Z", "modificado": "2021-09-02T19:48:00.083Z", "pregunta": 66, "descripcion": "Repositorio Institucional de Acceso Abierto del Concejo Nacional de Investigaciones Cient\u00edficas y T\u00e9cnicas", "correcta": true, "seleccionada": false}}, {"model": "respuestas.respuesta", "pk": 212, "fields": {"creado": "2021-09-02T19:48:31.293Z", "modificado": "2021-09-02T19:48:31.293Z", "pregunta": 66, "descripcion": "Centro de Investigaci\u00f3n de Ciencia Digital", "correcta": false, "seleccionada": false}}, {"model": "respuestas.respuesta", "pk": 213, "fields": {"creado": "2021-09-02T19:48:51.364Z", "modificado": "2021-09-02T19:48:51.364Z", "pregunta": 66, "descripcion": "Una plataforma de Facebook", "correcta": false, "seleccionada": false}}, {"model": "auth.permission", "pk": 1, "fields": {"name": "Can add log entry", "content_type": 1, "codename": "add_logentry"}}, {"model": "auth.permission", "pk": 2, "fields": {"name": "Can change log entry", "content_type": 1, "codename": "change_logentry"}}, {"model": "auth.permission", "pk": 3, "fields": {"name": "Can delete log entry", "content_type": 1, "codename": "delete_logentry"}}, {"model": "auth.permission", "pk": 4, "fields": {"name": "Can view log entry", "content_type": 1, "codename": "view_logentry"}}, {"model": "auth.permission", "pk": 5, "fields": {"name": "Can add permission", "content_type": 2, "codename": "add_permission"}}, {"model": "auth.permission", "pk": 6, "fields": {"name": "Can change permission", "content_type": 2, "codename": "change_permission"}}, {"model": "auth.permission", "pk": 7, "fields": {"name": "Can delete permission", "content_type": 2, "codename": "delete_permission"}}, {"model": "auth.permission", "pk": 8, "fields": {"name": "Can view permission", "content_type": 2, "codename": "view_permission"}}, {"model": "auth.permission", "pk": 9, "fields": {"name": "Can add group", "content_type": 3, "codename": "add_group"}}, {"model": "auth.permission", "pk": 10, "fields": {"name": "Can change group", "content_type": 3, "codename": "change_group"}}, {"model": "auth.permission", "pk": 11, "fields": {"name": "Can delete group", "content_type": 3, "codename": "delete_group"}}, {"model": "auth.permission", "pk": 12, "fields": {"name": "Can view group", "content_type": 3, "codename": "view_group"}}, {"model": "auth.permission", "pk": 13, "fields": {"name": "Can add user", "content_type": 4, "codename": "add_user"}}, {"model": "auth.permission", "pk": 14, "fields": {"name": "Can change user", "content_type": 4, "codename": "change_user"}}, {"model": "auth.permission", "pk": 15, "fields": {"name": "Can delete user", "content_type": 4, "codename": "delete_user"}}, {"model": "auth.permission", "pk": 16, "fields": {"name": "Can view user", "content_type": 4, "codename": "view_user"}}, {"model": "auth.permission", "pk": 17, "fields": {"name": "Can add content type", "content_type": 5, "codename": "add_contenttype"}}, {"model": "auth.permission", "pk": 18, "fields": {"name": "Can change content type", "content_type": 5, "codename": "change_contenttype"}}, {"model": "auth.permission", "pk": 19, "fields": {"name": "Can delete content type", "content_type": 5, "codename": "delete_contenttype"}}, {"model": "auth.permission", "pk": 20, "fields": {"name": "Can view content type", "content_type": 5, "codename": "view_contenttype"}}, {"model": "auth.permission", "pk": 21, "fields": {"name": "Can add session", "content_type": 6, "codename": "add_session"}}, {"model": "auth.permission", "pk": 22, "fields": {"name": "Can change session", "content_type": 6, "codename": "change_session"}}, {"model": "auth.permission", "pk": 23, "fields": {"name": "Can delete session", "content_type": 6, "codename": "delete_session"}}, {"model": "auth.permission", "pk": 24, "fields": {"name": "Can view session", "content_type": 6, "codename": "view_session"}}, {"model": "auth.permission", "pk": 25, "fields": {"name": "Can add categoria", "content_type": 7, "codename": "add_categoria"}}, {"model": "auth.permission", "pk": 26, "fields": {"name": "Can change categoria", "content_type": 7, "codename": "change_categoria"}}, {"model": "auth.permission", "pk": 27, "fields": {"name": "Can delete categoria", "content_type": 7, "codename": "delete_categoria"}}, {"model": "auth.permission", "pk": 28, "fields": {"name": "Can view categoria", "content_type": 7, "codename": "view_categoria"}}, {"model": "auth.permission", "pk": 29, "fields": {"name": "Can add pregunta", "content_type": 8, "codename": "add_pregunta"}}, {"model": "auth.permission", "pk": 30, "fields": {"name": "Can change pregunta", "content_type": 8, "codename": "change_pregunta"}}, {"model": "auth.permission", "pk": 31, "fields": {"name": "Can delete pregunta", "content_type": 8, "codename": "delete_pregunta"}}, {"model": "auth.permission", "pk": 32, "fields": {"name": "Can view pregunta", "content_type": 8, "codename": "view_pregunta"}}, {"model": "auth.permission", "pk": 33, "fields": {"name": "Can add respuesta", "content_type": 9, "codename": "add_respuesta"}}, {"model": "auth.permission", "pk": 34, "fields": {"name": "Can change respuesta", "content_type": 9, "codename": "change_respuesta"}}, {"model": "auth.permission", "pk": 35, "fields": {"name": "Can delete respuesta", "content_type": 9, "codename": "delete_respuesta"}}, {"model": "auth.permission", "pk": 36, "fields": {"name": "Can view respuesta", "content_type": 9, "codename": "view_respuesta"}}, {"model": "auth.permission", "pk": 37, "fields": {"name": "Can add partida", "content_type": 10, "codename": "add_partida"}}, {"model": "auth.permission", "pk": 38, "fields": {"name": "Can change partida", "content_type": 10, "codename": "change_partida"}}, {"model": "auth.permission", "pk": 39, "fields": {"name": "Can delete partida", "content_type": 10, "codename": "delete_partida"}}, {"model": "auth.permission", "pk": 40, "fields": {"name": "Can view partida", "content_type": 10, "codename": "view_partida"}}, {"model": "auth.user", "pk": 1, "fields": {"password": "pbkdf2_sha256$180000$gxu2e3jr4gor$1IwwbVxMe0eqsukZDkN9w1He3VBwyESyJpuE0NC5Gd4=", "last_login": "2021-09-02T19:50:59.975Z", "is_superuser": true, "username": "pame.mott", "first_name": "", "last_name": "", "email": "pames@gmail.com", "is_staff": true, "is_active": true, "date_joined": "2021-08-26T04:47:28.303Z", "groups": [], "user_permissions": []}}, {"model": "auth.user", "pk": 2, "fields": {"password": "pbkdf2_sha256$180000$9nML4ZF48xqj$zraXBYIi0Xf0sHtBwe47TryHlXM+qL7mRymg0W2oP2E=", "last_login": "2021-09-03T13:43:22.543Z", "is_superuser": true, "username": "rodrigo", "first_name": "", "last_name": "", "email": "rodrigo@gmail.com", "is_staff": true, "is_active": true, "date_joined": "2021-08-30T18:35:48.118Z", "groups": [], "user_permissions": []}}, {"model": "auth.user", "pk": 4, "fields": {"password": "pbkdf2_sha256$180000$IeMCAPDSe2FT$ihyO7lYCEMQlrRaIfTnaCTDaRhXG+TVOZeSH3W3ex34=", "last_login": "2021-09-02T20:30:49.325Z", "is_superuser": false, "username": "SirConanDoyle", "first_name": "", "last_name": "", "email": "", "is_staff": false, "is_active": true, "date_joined": "2021-09-02T20:30:39.308Z", "groups": [], "user_permissions": []}}, {"model": "auth.user", "pk": 5, "fields": {"password": "pbkdf2_sha256$180000$tuKHyzUEMLwZ$FNa44oJ9eZW/MN6yma12W71KgrIf9jxD3eltlDsdmDs=", "last_login": "2021-09-02T20:42:06.877Z", "is_superuser": false, "username": "usuario", "first_name": "", "last_name": "", "email": "", "is_staff": false, "is_active": true, "date_joined": "2021-09-02T20:41:56.731Z", "groups": [], "user_permissions": []}}, {"model": "partidas.partida", "pk": 2059, "fields": {"creado": "2021-09-02T20:14:53.107Z", "modificado": "2021-09-02T20:14:53.107Z", "usuario": 2, "categoria": 3, "puntaje": 0, "finalizada": false, "contador": 2, "max_preguntas": 5}}, {"model": "partidas.partida", "pk": 2060, "fields": {"creado": "2021-09-02T20:15:48.983Z", "modificado": "2021-09-02T20:15:48.983Z", "usuario": 2, "categoria": 4, "puntaje": 0, "finalizada": false, "contador": 3, "max_preguntas": 5}}, {"model": "partidas.partida", "pk": 2061, "fields": {"creado": "2021-09-02T20:24:44.940Z", "modificado": "2021-09-02T20:24:44.940Z", "usuario": 2, "categoria": 3, "puntaje": 0, "finalizada": false, "contador": 2, "max_preguntas": 5}}, {"model": "partidas.partida", "pk": 2062, "fields": {"creado": "2021-09-02T20:25:46.894Z", "modificado": "2021-09-02T20:25:46.894Z", "usuario": 2, "categoria": 5, "puntaje": 0, "finalizada": false, "contador": 2, "max_preguntas": 5}}, {"model": "partidas.partida", "pk": 2063, "fields": {"creado": "2021-09-02T20:26:11.258Z", "modificado": "2021-09-02T20:26:11.258Z", "usuario": 2, "categoria": 2, "puntaje": 0, "finalizada": false, "contador": 2, "max_preguntas": 5}}, {"model": "partidas.partida", "pk": 2064, "fields": {"creado": "2021-09-02T20:32:23.714Z", "modificado": "2021-09-02T20:32:23.714Z", "usuario": 2, "categoria": 1, "puntaje": 0, "finalizada": false, "contador": 1, "max_preguntas": 5}}, {"model": "partidas.partida", "pk": 2065, "fields": {"creado": "2021-09-02T20:39:14.612Z", "modificado": "2021-09-02T20:39:14.612Z", "usuario": 2, "categoria": 1, "puntaje": 0, "finalizada": false, "contador": 1, "max_preguntas": 5}}, {"model": "partidas.partida", "pk": 2066, "fields": {"creado": "2021-09-02T20:39:32.440Z", "modificado": "2021-09-02T20:39:32.440Z", "usuario": 2, "categoria": 1, "puntaje": 0, "finalizada": false, "contador": 1, "max_preguntas": 5}}, {"model": "partidas.partida", "pk": 2067, "fields": {"creado": "2021-09-02T20:39:35.955Z", "modificado": "2021-09-02T20:39:35.955Z", "usuario": 2, "categoria": 1, "puntaje": 0, "finalizada": false, "contador": 1, "max_preguntas": 5}}, {"model": "partidas.partida", "pk": 2068, "fields": {"creado": "2021-09-02T20:40:15.677Z", "modificado": "2021-09-02T20:40:15.677Z", "usuario": 2, "categoria": 1, "puntaje": 0, "finalizada": false, "contador": 1, "max_preguntas": 5}}, {"model": "partidas.partida", "pk": 2069, "fields": {"creado": "2021-09-02T20:40:32.079Z", "modificado": "2021-09-02T20:40:32.079Z", "usuario": 2, "categoria": 1, "puntaje": 0, "finalizada": false, "contador": 1, "max_preguntas": 5}}, {"model": "partidas.partida", "pk": 2070, "fields": {"creado": "2021-09-02T20:40:44.492Z", "modificado": "2021-09-02T20:40:44.492Z", "usuario": 2, "categoria": 1, "puntaje": 0, "finalizada": false, "contador": 1, "max_preguntas": 5}}, {"model": "partidas.partida", "pk": 2071, "fields": {"creado": "2021-09-02T20:42:09.928Z", "modificado": "2021-09-02T20:42:09.928Z", "usuario": 5, "categoria": 4, "puntaje": 4, "finalizada": true, "contador": 6, "max_preguntas": 5}}, {"model": "partidas.partida", "pk": 2072, "fields": {"creado": "2021-09-03T06:18:31.679Z", "modificado": "2021-09-03T06:18:31.679Z", "usuario": 2, "categoria": 1, "puntaje": 0, "finalizada": false, "contador": 1, "max_preguntas": 5}}, {"model": "admin.logentry", "pk": 1, "fields": {"action_time": "2021-08-26T04:59:14.041Z", "user": 1, "content_type": 7, "object_id": "1", "object_repr": "CULTURA Y ARTE", "action_flag": 1, "change_message": "[{\"added\": {}}]"}}, {"model": "admin.logentry", "pk": 2, "fields": {"action_time": "2021-08-26T04:59:59.598Z", "user": 1, "content_type": 7, "object_id": "2", "object_repr": "HISTORIA", "action_flag": 1, "change_message": "[{\"added\": {}}]"}}, {"model": "admin.logentry", "pk": 3, "fields": {"action_time": "2021-08-26T05:00:40.071Z", "user": 1, "content_type": 7, "object_id": "3", "object_repr": "DEPORTE", "action_flag": 1, "change_message": "[{\"added\": {}}]"}}, {"model": "admin.logentry", "pk": 4, "fields": {"action_time": "2021-08-26T05:01:53.928Z", "user": 1, "content_type": 7, "object_id": "4", "object_repr": "GEOGRAFIA", "action_flag": 1, "change_message": "[{\"added\": {}}]"}}, {"model": "admin.logentry", "pk": 5, "fields": {"action_time": "2021-08-26T05:02:52.038Z", "user": 1, "content_type": 7, "object_id": "5", "object_repr": "ECONOMIA", "action_flag": 1, "change_message": "[{\"added\": {}}]"}}, {"model": "admin.logentry", "pk": 6, "fields": {"action_time": "2021-08-26T05:03:27.598Z", "user": 1, "content_type": 7, "object_id": "6", "object_repr": "CIENCIA Y EDUCACION", "action_flag": 1, "change_message": "[{\"added\": {}}]"}}, {"model": "admin.logentry", "pk": 7, "fields": {"action_time": "2021-08-26T05:03:52.187Z", "user": 1, "content_type": 7, "object_id": "7", "object_repr": "ENTRETENIMIENTO", "action_flag": 1, "change_message": "[{\"added\": {}}]"}}, {"model": "admin.logentry", "pk": 8, "fields": {"action_time": "2021-08-26T05:04:45.988Z", "user": 1, "content_type": 8, "object_id": "1", "object_repr": "Resistencia es conocida como:", "action_flag": 1, "change_message": "[{\"added\": {}}]"}}, {"model": "admin.logentry", "pk": 9, "fields": {"action_time": "2021-08-26T05:05:29.598Z", "user": 1, "content_type": 9, "object_id": "1", "object_repr": "La ciudad de las esculturas", "action_flag": 1, "change_message": "[{\"added\": {}}]"}}, {"model": "admin.logentry", "pk": 10, "fields": {"action_time": "2021-08-26T05:05:42.666Z", "user": 1, "content_type": 9, "object_id": "2", "object_repr": "Ciudad Museo", "action_flag": 1, "change_message": "[{\"added\": {}}]"}}, {"model": "admin.logentry", "pk": 11, "fields": {"action_time": "2021-08-26T05:05:58.212Z", "user": 1, "content_type": 9, "object_id": "3", "object_repr": "Ciudad Capital", "action_flag": 1, "change_message": "[{\"added\": {}}]"}}, {"model": "admin.logentry", "pk": 12, "fields": {"action_time": "2021-08-26T05:07:14.182Z", "user": 1, "content_type": 8, "object_id": "2", "object_repr": "\u00bfCu\u00e1ntas esculturas hay en Resistencia?", "action_flag": 1, "change_message": "[{\"added\": {}}]"}}, {"model": "admin.logentry", "pk": 13, "fields": {"action_time": "2021-08-26T05:08:18.864Z", "user": 1, "content_type": 8, "object_id": "3", "object_repr": "\u00bfEn qu\u00e9 sectores se divide geogr\u00e1ficamente la prov", "action_flag": 1, "change_message": "[{\"added\": {}}]"}}, {"model": "admin.logentry", "pk": 14, "fields": {"action_time": "2021-08-26T05:09:33.040Z", "user": 1, "content_type": 9, "object_id": "4", "object_repr": "200", "action_flag": 1, "change_message": "[{\"added\": {}}]"}}, {"model": "admin.logentry", "pk": 15, "fields": {"action_time": "2021-08-26T05:09:42.613Z", "user": 1, "content_type": 9, "object_id": "5", "object_repr": "700", "action_flag": 1, "change_message": "[{\"added\": {}}]"}}, {"model": "admin.logentry", "pk": 16, "fields": {"action_time": "2021-08-26T05:09:56.282Z", "user": 1, "content_type": 9, "object_id": "6", "object_repr": "600", "action_flag": 1, "change_message": "[{\"added\": {}}]"}}, {"model": "admin.logentry", "pk": 17, "fields": {"action_time": "2021-08-26T05:10:57.904Z", "user": 1, "content_type": 9, "object_id": "7", "object_repr": "Litoral Chaque\u00f1o, centro Chaque\u00f1o e Impenetrable", "action_flag": 1, "change_message": "[{\"added\": {}}]"}}, {"model": "admin.logentry", "pk": 18, "fields": {"action_time": "2021-08-26T05:11:13.711Z", "user": 1, "content_type": 9, "object_id": "8", "object_repr": "Litoral Chaque\u00f1o e Impenetrable Chaque\u00f1o", "action_flag": 1, "change_message": "[{\"added\": {}}]"}}, {"model": "admin.logentry", "pk": 19, "fields": {"action_time": "2021-08-26T05:11:39.446Z", "user": 1, "content_type": 9, "object_id": "9", "object_repr": "Chaco Boreal y Chaco Austral", "action_flag": 1, "change_message": "[{\"added\": {}}]"}}, {"model": "admin.logentry", "pk": 20, "fields": {"action_time": "2021-08-26T11:29:17.173Z", "user": 1, "content_type": 8, "object_id": "4", "object_repr": "Campo del Cielo: Patrimonio Cultural y Tur\u00edstico d", "action_flag": 1, "change_message": "[{\"added\": {}}]"}}, {"model": "admin.logentry", "pk": 21, "fields": {"action_time": "2021-08-26T11:32:20.431Z", "user": 1, "content_type": 9, "object_id": "10", "object_repr": "Maip\u00fa", "action_flag": 1, "change_message": "[{\"added\": {}}]"}}, {"model": "admin.logentry", "pk": 22, "fields": {"action_time": "2021-08-26T11:32:37.609Z", "user": 1, "content_type": 9, "object_id": "11", "object_repr": "Bermejo", "action_flag": 1, "change_message": "[{\"added\": {}}]"}}, {"model": "admin.logentry", "pk": 23, "fields": {"action_time": "2021-08-26T11:32:57.286Z", "user": 1, "content_type": 9, "object_id": "12", "object_repr": "12 de Octubre", "action_flag": 1, "change_message": "[{\"added\": {}}]"}}, {"model": "admin.logentry", "pk": 24, "fields": {"action_time": "2021-08-26T11:34:26.841Z", "user": 1, "content_type": 8, "object_id": "5", "object_repr": "Al norte el l\u00edmite natural establecido entre la Pr", "action_flag": 1, "change_message": "[{\"added\": {}}]"}}, {"model": "admin.logentry", "pk": 25, "fields": {"action_time": "2021-08-26T11:35:49.532Z", "user": 1, "content_type": 8, "object_id": "6", "object_repr": "El ex ferrocarril General Belgrano conectaba a:", "action_flag": 1, "change_message": "[{\"added\": {}}]"}}, {"model": "admin.logentry", "pk": 26, "fields": {"action_time": "2021-08-26T11:36:04.902Z", "user": 1, "content_type": 8, "object_id": "7", "object_repr": "En el \u00e1mbito automovil\u00edstico deportivo Chaco tiene", "action_flag": 1, "change_message": "[{\"added\": {}}]"}}, {"model": "admin.logentry", "pk": 27, "fields": {"action_time": "2021-08-26T11:36:18.785Z", "user": 1, "content_type": 8, "object_id": "8", "object_repr": "En el \u00e1mbito de los juegos ol\u00edmpicos, el Chaco tie", "action_flag": 1, "change_message": "[{\"added\": {}}]"}}, {"model": "admin.logentry", "pk": 28, "fields": {"action_time": "2021-08-26T11:36:33.346Z", "user": 1, "content_type": 8, "object_id": "9", "object_repr": "Marcela G\u00f3mez, chaque\u00f1a, particip\u00f3 en los Juegos O", "action_flag": 1, "change_message": "[{\"added\": {}}]"}}, {"model": "admin.logentry", "pk": 29, "fields": {"action_time": "2021-08-26T11:36:54.972Z", "user": 1, "content_type": 8, "object_id": "10", "object_repr": "El club de f\u00fatbol m\u00e1s antiguo del Chaco es", "action_flag": 1, "change_message": "[{\"added\": {}}]"}}, {"model": "admin.logentry", "pk": 30, "fields": {"action_time": "2021-08-26T11:37:23.476Z", "user": 1, "content_type": 8, "object_id": "11", "object_repr": "Por Decreto N\u00b0 1491 el Gobierno de la Provincia de", "action_flag": 1, "change_message": "[{\"added\": {}}]"}}, {"model": "admin.logentry", "pk": 31, "fields": {"action_time": "2021-08-26T11:37:50.265Z", "user": 1, "content_type": 8, "object_id": "12", "object_repr": "La palabra Chac\u00fa del cual deriva el nombre de nues", "action_flag": 1, "change_message": "[{\"added\": {}}]"}}, {"model": "admin.logentry", "pk": 32, "fields": {"action_time": "2021-08-26T11:38:17.261Z", "user": 1, "content_type": 8, "object_id": "13", "object_repr": "La superficie total de la provincia del Chaco es d", "action_flag": 1, "change_message": "[{\"added\": {}}]"}}, {"model": "admin.logentry", "pk": 33, "fields": {"action_time": "2021-08-26T11:38:46.245Z", "user": 1, "content_type": 8, "object_id": "14", "object_repr": "La poblaci\u00f3n actual del Chaco oscila entre:", "action_flag": 1, "change_message": "[{\"added\": {}}]"}}, {"model": "admin.logentry", "pk": 34, "fields": {"action_time": "2021-08-26T11:39:05.041Z", "user": 1, "content_type": 8, "object_id": "15", "object_repr": "\u00bfQui\u00e9n fue el primer gobernador del Territorio Nac", "action_flag": 1, "change_message": "[{\"added\": {}}]"}}, {"model": "admin.logentry", "pk": 35, "fields": {"action_time": "2021-08-26T11:40:06.422Z", "user": 1, "content_type": 8, "object_id": "16", "object_repr": "Un escritor reconocido en el \u00e1mbito chaque\u00f1o recib", "action_flag": 1, "change_message": "[{\"added\": {}}]"}}, {"model": "admin.logentry", "pk": 36, "fields": {"action_time": "2021-08-26T11:40:27.413Z", "user": 1, "content_type": 8, "object_id": "17", "object_repr": "En la bandera del Chaco hay un arado rodeado de 2", "action_flag": 1, "change_message": "[{\"added\": {}}]"}}, {"model": "admin.logentry", "pk": 37, "fields": {"action_time": "2021-08-26T11:40:46.138Z", "user": 1, "content_type": 8, "object_id": "18", "object_repr": "En un emblem\u00e1tico edificio de la ciudad de Resiste", "action_flag": 1, "change_message": "[{\"added\": {}}]"}}, {"model": "admin.logentry", "pk": 38, "fields": {"action_time": "2021-08-26T11:42:13.120Z", "user": 1, "content_type": 8, "object_id": "19", "object_repr": "La producci\u00f3n destacada chaque\u00f1a que perdura en la", "action_flag": 1, "change_message": "[{\"added\": {}}]"}}, {"model": "admin.logentry", "pk": 39, "fields": {"action_time": "2021-08-26T11:43:04.383Z", "user": 1, "content_type": 8, "object_id": "20", "object_repr": "\u00bfCu\u00e1l es la flor provincial del Chaco?", "action_flag": 1, "change_message": "[{\"added\": {}}]"}}, {"model": "admin.logentry", "pk": 40, "fields": {"action_time": "2021-08-26T11:43:51.456Z", "user": 1, "content_type": 8, "object_id": "21", "object_repr": "Un conjunto coral chaque\u00f1o fue reconocido como \u201cPa", "action_flag": 1, "change_message": "[{\"added\": {}}]"}}, {"model": "admin.logentry", "pk": 41, "fields": {"action_time": "2021-08-26T11:44:13.700Z", "user": 1, "content_type": 8, "object_id": "22", "object_repr": "En 1939 es erigida la Di\u00f3cesis de Resistencia \u00bfQui", "action_flag": 1, "change_message": "[{\"added\": {}}]"}}, {"model": "admin.logentry", "pk": 42, "fields": {"action_time": "2021-08-26T11:44:29.578Z", "user": 1, "content_type": 8, "object_id": "23", "object_repr": "El Puente General Belgrano que une las provincias", "action_flag": 1, "change_message": "[{\"added\": {}}]"}}, {"model": "admin.logentry", "pk": 43, "fields": {"action_time": "2021-08-26T11:45:04.859Z", "user": 1, "content_type": 8, "object_id": "24", "object_repr": "\u00bfDesde cu\u00e1ndo existe la Provincia del Chaco?", "action_flag": 1, "change_message": "[{\"added\": {}}]"}}, {"model": "admin.logentry", "pk": 44, "fields": {"action_time": "2021-08-26T11:45:32.756Z", "user": 1, "content_type": 8, "object_id": "25", "object_repr": "Nuestras primeras poblaciones originarias, pertene", "action_flag": 1, "change_message": "[{\"added\": {}}]"}}, {"model": "admin.logentry", "pk": 45, "fields": {"action_time": "2021-08-26T12:29:19.900Z", "user": 1, "content_type": 9, "object_id": "13", "object_repr": "Litoral Chaque\u00f1o, centro Chaque\u00f1o e Impenetrable C", "action_flag": 1, "change_message": "[{\"added\": {}}]"}}, {"model": "admin.logentry", "pk": 46, "fields": {"action_time": "2021-08-26T12:29:42.413Z", "user": 1, "content_type": 9, "object_id": "14", "object_repr": "Litoral Chaque\u00f1o e Impenetrable Chaque\u00f1o", "action_flag": 1, "change_message": "[{\"added\": {}}]"}}, {"model": "admin.logentry", "pk": 47, "fields": {"action_time": "2021-08-26T12:30:08.929Z", "user": 1, "content_type": 9, "object_id": "15", "object_repr": "Chaco Boreal y Chaco Austral", "action_flag": 1, "change_message": "[{\"added\": {}}]"}}, {"model": "admin.logentry", "pk": 48, "fields": {"action_time": "2021-08-26T12:30:45.461Z", "user": 1, "content_type": 9, "object_id": "16", "object_repr": "Maip\u00fa", "action_flag": 1, "change_message": "[{\"added\": {}}]"}}, {"model": "admin.logentry", "pk": 49, "fields": {"action_time": "2021-08-26T12:30:57.524Z", "user": 1, "content_type": 9, "object_id": "17", "object_repr": "Bermejo", "action_flag": 1, "change_message": "[{\"added\": {}}]"}}, {"model": "admin.logentry", "pk": 50, "fields": {"action_time": "2021-08-26T12:31:33.492Z", "user": 1, "content_type": 9, "object_id": "18", "object_repr": "12 de Octubre", "action_flag": 1, "change_message": "[{\"added\": {}}]"}}, {"model": "admin.logentry", "pk": 51, "fields": {"action_time": "2021-08-26T12:32:39.452Z", "user": 1, "content_type": 9, "object_id": "18", "object_repr": "12 de Octubre", "action_flag": 3, "change_message": ""}}, {"model": "admin.logentry", "pk": 52, "fields": {"action_time": "2021-08-26T12:32:39.459Z", "user": 1, "content_type": 9, "object_id": "17", "object_repr": "Bermejo", "action_flag": 3, "change_message": ""}}, {"model": "admin.logentry", "pk": 53, "fields": {"action_time": "2021-08-26T12:32:39.463Z", "user": 1, "content_type": 9, "object_id": "16", "object_repr": "Maip\u00fa", "action_flag": 3, "change_message": ""}}, {"model": "admin.logentry", "pk": 54, "fields": {"action_time": "2021-08-26T12:33:07.074Z", "user": 1, "content_type": 9, "object_id": "19", "object_repr": "Pilcomayo", "action_flag": 1, "change_message": "[{\"added\": {}}]"}}, {"model": "admin.logentry", "pk": 55, "fields": {"action_time": "2021-08-26T12:33:18.095Z", "user": 1, "content_type": 9, "object_id": "20", "object_repr": "Paran\u00e1", "action_flag": 1, "change_message": "[{\"added\": {}}]"}}, {"model": "admin.logentry", "pk": 56, "fields": {"action_time": "2021-08-26T12:33:55.209Z", "user": 1, "content_type": 9, "object_id": "21", "object_repr": "Bermejo", "action_flag": 1, "change_message": "[{\"added\": {}}]"}}, {"model": "admin.logentry", "pk": 57, "fields": {"action_time": "2021-08-26T12:35:20.287Z", "user": 1, "content_type": 8, "object_id": "26", "object_repr": "Al sur, el l\u00edmite establecido entre la Provincia d", "action_flag": 1, "change_message": "[{\"added\": {}}]"}}, {"model": "admin.logentry", "pk": 58, "fields": {"action_time": "2021-08-26T12:36:01.625Z", "user": 1, "content_type": 9, "object_id": "22", "object_repr": "Paralelo 28", "action_flag": 1, "change_message": "[{\"added\": {}}]"}}, {"model": "admin.logentry", "pk": 59, "fields": {"action_time": "2021-08-26T12:36:29.272Z", "user": 1, "content_type": 9, "object_id": "23", "object_repr": "Paralelo 30", "action_flag": 1, "change_message": "[{\"added\": {}}]"}}, {"model": "admin.logentry", "pk": 60, "fields": {"action_time": "2021-08-26T12:36:43.123Z", "user": 1, "content_type": 9, "object_id": "24", "object_repr": "Paralelo 29", "action_flag": 1, "change_message": "[{\"added\": {}}]"}}, {"model": "admin.logentry", "pk": 61, "fields": {"action_time": "2021-08-26T12:40:55.069Z", "user": 1, "content_type": 9, "object_id": "25", "object_repr": "Puerto de Barranqueras con Formosa", "action_flag": 1, "change_message": "[{\"added\": {}}]"}}, {"model": "admin.logentry", "pk": 62, "fields": {"action_time": "2021-08-26T12:41:23.873Z", "user": 1, "content_type": 9, "object_id": "26", "object_repr": "Puerto de Barranqueras con Salta", "action_flag": 1, "change_message": "[{\"added\": {}}]"}}, {"model": "admin.logentry", "pk": 63, "fields": {"action_time": "2021-08-26T12:42:01.605Z", "user": 1, "content_type": 9, "object_id": "27", "object_repr": "Puerto de Barranqueras con Santiago del Estero", "action_flag": 1, "change_message": "[{\"added\": {}}]"}}, {"model": "admin.logentry", "pk": 64, "fields": {"action_time": "2021-08-26T13:06:18.740Z", "user": 1, "content_type": 9, "object_id": "28", "object_repr": "Juan Manel Silva", "action_flag": 1, "change_message": "[{\"added\": {}}]"}}, {"model": "admin.logentry", "pk": 65, "fields": {"action_time": "2021-08-26T13:06:37.147Z", "user": 1, "content_type": 9, "object_id": "29", "object_repr": "Giorgio Carrara", "action_flag": 1, "change_message": "[{\"added\": {}}]"}}, {"model": "admin.logentry", "pk": 66, "fields": {"action_time": "2021-08-26T13:06:56.778Z", "user": 1, "content_type": 9, "object_id": "30", "object_repr": "Marcos Siebert", "action_flag": 1, "change_message": "[{\"added\": {}}]"}}, {"model": "admin.logentry", "pk": 67, "fields": {"action_time": "2021-08-26T13:07:18.709Z", "user": 1, "content_type": 9, "object_id": "31", "object_repr": "B\u00e1squet", "action_flag": 1, "change_message": "[{\"added\": {}}]"}}, {"model": "admin.logentry", "pk": 68, "fields": {"action_time": "2021-08-26T13:07:36.568Z", "user": 1, "content_type": 9, "object_id": "32", "object_repr": "Remo", "action_flag": 1, "change_message": "[{\"added\": {}}]"}}, {"model": "admin.logentry", "pk": 69, "fields": {"action_time": "2021-08-26T13:08:05.816Z", "user": 1, "content_type": 9, "object_id": "33", "object_repr": "F\u00fatbol", "action_flag": 1, "change_message": "[{\"added\": {}}]"}}, {"model": "admin.logentry", "pk": 70, "fields": {"action_time": "2021-08-26T13:08:26.602Z", "user": 1, "content_type": 9, "object_id": "34", "object_repr": "Jockey", "action_flag": 1, "change_message": "[{\"added\": {}}]"}}, {"model": "admin.logentry", "pk": 71, "fields": {"action_time": "2021-08-26T13:08:48.613Z", "user": 1, "content_type": 9, "object_id": "32", "object_repr": "Remo", "action_flag": 3, "change_message": ""}}, {"model": "admin.logentry", "pk": 72, "fields": {"action_time": "2021-08-26T13:09:25.467Z", "user": 1, "content_type": 9, "object_id": "35", "object_repr": "Nataci\u00f3n", "action_flag": 1, "change_message": "[{\"added\": {}}]"}}, {"model": "admin.logentry", "pk": 73, "fields": {"action_time": "2021-08-26T13:09:36.181Z", "user": 1, "content_type": 9, "object_id": "36", "object_repr": "Remo", "action_flag": 1, "change_message": "[{\"added\": {}}]"}}, {"model": "admin.logentry", "pk": 74, "fields": {"action_time": "2021-08-26T13:09:46.727Z", "user": 1, "content_type": 9, "object_id": "37", "object_repr": "Atletismo", "action_flag": 1, "change_message": "[{\"added\": {}}]"}}, {"model": "admin.logentry", "pk": 75, "fields": {"action_time": "2021-08-26T13:10:08.737Z", "user": 1, "content_type": 9, "object_id": "38", "object_repr": "For Ever", "action_flag": 1, "change_message": "[{\"added\": {}}]"}}, {"model": "admin.logentry", "pk": 76, "fields": {"action_time": "2021-08-26T13:10:27.852Z", "user": 1, "content_type": 9, "object_id": "39", "object_repr": "Sarmiento", "action_flag": 1, "change_message": "[{\"added\": {}}]"}}, {"model": "admin.logentry", "pk": 77, "fields": {"action_time": "2021-08-26T13:10:44.503Z", "user": 1, "content_type": 9, "object_id": "40", "object_repr": "Don Orione", "action_flag": 1, "change_message": "[{\"added\": {}}]"}}, {"model": "admin.logentry", "pk": 78, "fields": {"action_time": "2021-08-26T13:11:11.512Z", "user": 1, "content_type": 9, "object_id": "37", "object_repr": "Atletismo", "action_flag": 2, "change_message": "[{\"changed\": {\"fields\": [\"Correcta\"]}}]"}}, {"model": "admin.logentry", "pk": 79, "fields": {"action_time": "2021-08-26T13:11:44.438Z", "user": 1, "content_type": 9, "object_id": "41", "object_repr": "Acorde\u00f3n", "action_flag": 1, "change_message": "[{\"added\": {}}]"}}, {"model": "admin.logentry", "pk": 80, "fields": {"action_time": "2021-08-26T13:12:08.126Z", "user": 1, "content_type": 9, "object_id": "42", "object_repr": "N'vik\u00e9", "action_flag": 1, "change_message": "[{\"added\": {}}]"}}, {"model": "admin.logentry", "pk": 81, "fields": {"action_time": "2021-08-26T13:14:49.543Z", "user": 1, "content_type": 9, "object_id": "43", "object_repr": "Charango", "action_flag": 1, "change_message": "[{\"added\": {}}]"}}, {"model": "admin.logentry", "pk": 82, "fields": {"action_time": "2021-08-26T13:15:23.737Z", "user": 1, "content_type": 9, "object_id": "44", "object_repr": "La caza comunal de animales", "action_flag": 1, "change_message": "[{\"added\": {}}]"}}, {"model": "admin.logentry", "pk": 83, "fields": {"action_time": "2021-08-26T13:15:53.943Z", "user": 1, "content_type": 9, "object_id": "45", "object_repr": "Nombre de un \u00e1rbol que abunda en la regi\u00f3n", "action_flag": 1, "change_message": "[{\"added\": {}}]"}}, {"model": "admin.logentry", "pk": 84, "fields": {"action_time": "2021-08-26T13:16:10.279Z", "user": 1, "content_type": 9, "object_id": "46", "object_repr": "Nombre de un animal", "action_flag": 1, "change_message": "[{\"added\": {}}]"}}, {"model": "admin.logentry", "pk": 85, "fields": {"action_time": "2021-08-26T13:17:01.707Z", "user": 1, "content_type": 9, "object_id": "47", "object_repr": "99.633 Km\u00b2", "action_flag": 1, "change_message": "[{\"added\": {}}]"}}, {"model": "admin.logentry", "pk": 86, "fields": {"action_time": "2021-08-26T13:17:17.234Z", "user": 1, "content_type": 9, "object_id": "48", "object_repr": "32.565 Km\u00b2", "action_flag": 1, "change_message": "[{\"added\": {}}]"}}, {"model": "admin.logentry", "pk": 87, "fields": {"action_time": "2021-08-26T13:17:35.567Z", "user": 1, "content_type": 9, "object_id": "49", "object_repr": "29.900 Km\u00b2", "action_flag": 1, "change_message": "[{\"added\": {}}]"}}, {"model": "admin.logentry", "pk": 88, "fields": {"action_time": "2021-08-26T13:17:53.892Z", "user": 1, "content_type": 9, "object_id": "50", "object_repr": "300.000", "action_flag": 1, "change_message": "[{\"added\": {}}]"}}, {"model": "admin.logentry", "pk": 89, "fields": {"action_time": "2021-08-26T13:18:07.835Z", "user": 1, "content_type": 9, "object_id": "51", "object_repr": "2.000.000", "action_flag": 1, "change_message": "[{\"added\": {}}]"}}, {"model": "admin.logentry", "pk": 90, "fields": {"action_time": "2021-08-26T13:18:25.732Z", "user": 1, "content_type": 9, "object_id": "52", "object_repr": "1.000.000", "action_flag": 1, "change_message": "[{\"added\": {}}]"}}, {"model": "admin.logentry", "pk": 91, "fields": {"action_time": "2021-08-26T13:18:51.819Z", "user": 1, "content_type": 9, "object_id": "53", "object_repr": "Gral. Lorenzo Winter", "action_flag": 1, "change_message": "[{\"added\": {}}]"}}, {"model": "admin.logentry", "pk": 92, "fields": {"action_time": "2021-08-26T13:19:07.903Z", "user": 1, "content_type": 9, "object_id": "54", "object_repr": "Gral. Julio de Vedia", "action_flag": 1, "change_message": "[{\"added\": {}}]"}}, {"model": "admin.logentry", "pk": 93, "fields": {"action_time": "2021-08-26T13:19:37.788Z", "user": 1, "content_type": 9, "object_id": "55", "object_repr": "Gral. Antonio D\u00f3novan", "action_flag": 1, "change_message": "[{\"added\": {}}]"}}, {"model": "admin.logentry", "pk": 94, "fields": {"action_time": "2021-08-26T13:19:53.284Z", "user": 1, "content_type": 9, "object_id": "56", "object_repr": "Tony Zalazar", "action_flag": 1, "change_message": "[{\"added\": {}}]"}}, {"model": "admin.logentry", "pk": 95, "fields": {"action_time": "2021-08-26T13:20:21.466Z", "user": 1, "content_type": 9, "object_id": "57", "object_repr": "Aledo Luis Meloni", "action_flag": 1, "change_message": "[{\"added\": {}}]"}}, {"model": "admin.logentry", "pk": 96, "fields": {"action_time": "2021-08-26T13:21:08.416Z", "user": 1, "content_type": 9, "object_id": "58", "object_repr": "Tete Romero", "action_flag": 1, "change_message": "[{\"added\": {}}]"}}, {"model": "admin.logentry", "pk": 97, "fields": {"action_time": "2021-08-26T13:22:07.922Z", "user": 1, "content_type": 9, "object_id": "59", "object_repr": "Los Departamentos Provinciales", "action_flag": 1, "change_message": "[{\"added\": {}}]"}}, {"model": "admin.logentry", "pk": 98, "fields": {"action_time": "2021-08-26T13:22:26.079Z", "user": 1, "content_type": 9, "object_id": "60", "object_repr": "Las ciudades principales", "action_flag": 1, "change_message": "[{\"added\": {}}]"}}, {"model": "admin.logentry", "pk": 99, "fields": {"action_time": "2021-08-26T13:23:02.594Z", "user": 1, "content_type": 9, "object_id": "61", "object_repr": "Grandes personajes que forzaron Chaco", "action_flag": 1, "change_message": "[{\"added\": {}}]"}}, {"model": "admin.logentry", "pk": 100, "fields": {"action_time": "2021-08-26T13:23:39.247Z", "user": 1, "content_type": 9, "object_id": "62", "object_repr": "La Municipalidad de la Ciudad", "action_flag": 1, "change_message": "[{\"added\": {}}]"}}, {"model": "admin.logentry", "pk": 101, "fields": {"action_time": "2021-08-26T13:25:07.432Z", "user": 1, "content_type": 9, "object_id": "63", "object_repr": "El Fog\u00f3n de los Arrieros", "action_flag": 1, "change_message": "[{\"added\": {}}]"}}, {"model": "admin.logentry", "pk": 102, "fields": {"action_time": "2021-08-26T13:25:32.057Z", "user": 1, "content_type": 9, "object_id": "64", "object_repr": "Casa de Gobierno", "action_flag": 1, "change_message": "[{\"added\": {}}]"}}, {"model": "admin.logentry", "pk": 103, "fields": {"action_time": "2021-08-26T13:25:48.301Z", "user": 1, "content_type": 9, "object_id": "65", "object_repr": "Ca\u00f1a de az\u00facar", "action_flag": 1, "change_message": "[{\"added\": {}}]"}}, {"model": "admin.logentry", "pk": 104, "fields": {"action_time": "2021-08-26T13:26:09.177Z", "user": 1, "content_type": 9, "object_id": "66", "object_repr": "Algod\u00f3n", "action_flag": 1, "change_message": "[{\"added\": {}}]"}}, {"model": "admin.logentry", "pk": 105, "fields": {"action_time": "2021-08-26T13:26:42.078Z", "user": 1, "content_type": 9, "object_id": "67", "object_repr": "Producci\u00f3n de tanino", "action_flag": 1, "change_message": "[{\"added\": {}}]"}}, {"model": "admin.logentry", "pk": 106, "fields": {"action_time": "2021-08-26T13:27:19.209Z", "user": 1, "content_type": 9, "object_id": "68", "object_repr": "Flor del Cardo", "action_flag": 1, "change_message": "[{\"added\": {}}]"}}, {"model": "admin.logentry", "pk": 107, "fields": {"action_time": "2021-08-26T13:27:36.174Z", "user": 1, "content_type": 9, "object_id": "69", "object_repr": "Flor del Ceibo", "action_flag": 1, "change_message": "[{\"added\": {}}]"}}, {"model": "admin.logentry", "pk": 108, "fields": {"action_time": "2021-08-26T13:29:36.802Z", "user": 1, "content_type": 9, "object_id": "70", "object_repr": "Flor Rosada del Palo Borracho", "action_flag": 1, "change_message": "[{\"added\": {}}]"}}, {"model": "admin.logentry", "pk": 109, "fields": {"action_time": "2021-08-26T13:30:27.954Z", "user": 1, "content_type": 9, "object_id": "71", "object_repr": "El coro polif\u00f3nico de Resistencia", "action_flag": 1, "change_message": "[{\"added\": {}}]"}}, {"model": "admin.logentry", "pk": 110, "fields": {"action_time": "2021-08-26T13:30:47.128Z", "user": 1, "content_type": 9, "object_id": "72", "object_repr": "El coro de ni\u00f1os", "action_flag": 1, "change_message": "[{\"added\": {}}]"}}, {"model": "admin.logentry", "pk": 111, "fields": {"action_time": "2021-08-26T13:31:11.569Z", "user": 1, "content_type": 9, "object_id": "73", "object_repr": "El coro Chelaalap\u00ed", "action_flag": 1, "change_message": "[{\"added\": {}}]"}}, {"model": "admin.logentry", "pk": 112, "fields": {"action_time": "2021-08-26T13:31:30.367Z", "user": 1, "content_type": 9, "object_id": "74", "object_repr": "Gabriel Grotti", "action_flag": 1, "change_message": "[{\"added\": {}}]"}}, {"model": "admin.logentry", "pk": 113, "fields": {"action_time": "2021-08-26T13:31:49.578Z", "user": 1, "content_type": 9, "object_id": "75", "object_repr": "Nicol\u00e1s de Carlo", "action_flag": 1, "change_message": "[{\"added\": {}}]"}}, {"model": "admin.logentry", "pk": 114, "fields": {"action_time": "2021-08-26T13:32:09.837Z", "user": 1, "content_type": 9, "object_id": "76", "object_repr": "Jos\u00e9 Alumni", "action_flag": 1, "change_message": "[{\"added\": {}}]"}}, {"model": "admin.logentry", "pk": 115, "fields": {"action_time": "2021-08-26T13:32:23.632Z", "user": 1, "content_type": 9, "object_id": "77", "object_repr": "1973", "action_flag": 1, "change_message": "[{\"added\": {}}]"}}, {"model": "admin.logentry", "pk": 116, "fields": {"action_time": "2021-08-26T13:32:44.661Z", "user": 1, "content_type": 9, "object_id": "78", "object_repr": "1974", "action_flag": 1, "change_message": "[{\"added\": {}}]"}}, {"model": "admin.logentry", "pk": 117, "fields": {"action_time": "2021-08-26T13:32:55.699Z", "user": 1, "content_type": 9, "object_id": "79", "object_repr": "1976", "action_flag": 1, "change_message": "[{\"added\": {}}]"}}, {"model": "admin.logentry", "pk": 118, "fields": {"action_time": "2021-08-26T13:33:55.422Z", "user": 1, "content_type": 9, "object_id": "80", "object_repr": "8 de agosto de 1951", "action_flag": 1, "change_message": "[{\"added\": {}}]"}}, {"model": "admin.logentry", "pk": 119, "fields": {"action_time": "2021-08-26T13:34:19.632Z", "user": 1, "content_type": 9, "object_id": "81", "object_repr": "8 de agosto de 1958", "action_flag": 1, "change_message": "[{\"added\": {}}]"}}, {"model": "admin.logentry", "pk": 120, "fields": {"action_time": "2021-08-26T13:34:35.963Z", "user": 1, "content_type": 9, "object_id": "82", "object_repr": "8 de agosto de 1955", "action_flag": 1, "change_message": "[{\"added\": {}}]"}}, {"model": "admin.logentry", "pk": 121, "fields": {"action_time": "2021-08-26T13:35:01.261Z", "user": 1, "content_type": 9, "object_id": "83", "object_repr": "Qom", "action_flag": 1, "change_message": "[{\"added\": {}}]"}}, {"model": "admin.logentry", "pk": 122, "fields": {"action_time": "2021-08-26T13:35:23.210Z", "user": 1, "content_type": 9, "object_id": "84", "object_repr": "Moqoi", "action_flag": 1, "change_message": "[{\"added\": {}}]"}}, {"model": "admin.logentry", "pk": 123, "fields": {"action_time": "2021-08-26T13:35:38.954Z", "user": 1, "content_type": 9, "object_id": "85", "object_repr": "Wichi", "action_flag": 1, "change_message": "[{\"added\": {}}]"}}, {"model": "admin.logentry", "pk": 124, "fields": {"action_time": "2021-08-26T13:36:00.666Z", "user": 1, "content_type": 9, "object_id": "86", "object_repr": "Vilelas", "action_flag": 1, "change_message": "[{\"added\": {}}]"}}, {"model": "admin.logentry", "pk": 125, "fields": {"action_time": "2021-08-26T13:36:20.811Z", "user": 1, "content_type": 9, "object_id": "87", "object_repr": "Guaran\u00edes", "action_flag": 1, "change_message": "[{\"added\": {}}]"}}, {"model": "admin.logentry", "pk": 126, "fields": {"action_time": "2021-08-26T13:37:19.450Z", "user": 1, "content_type": 8, "object_id": "27", "object_repr": "\u00bfQui\u00e9n fue el primer gobernador de la Provincia de", "action_flag": 1, "change_message": "[{\"added\": {}}]"}}, {"model": "admin.logentry", "pk": 127, "fields": {"action_time": "2021-08-26T13:37:30.954Z", "user": 1, "content_type": 8, "object_id": "27", "object_repr": "\u00bfQui\u00e9n fue el primer gobernador de la Provincia de", "action_flag": 2, "change_message": "[]"}}, {"model": "admin.logentry", "pk": 128, "fields": {"action_time": "2021-08-26T13:39:05.538Z", "user": 1, "content_type": 9, "object_id": "88", "object_repr": "Felipe Gallardo", "action_flag": 1, "change_message": "[{\"added\": {}}]"}}, {"model": "admin.logentry", "pk": 129, "fields": {"action_time": "2021-08-26T13:39:27.549Z", "user": 1, "content_type": 9, "object_id": "89", "object_repr": "Danilo Baroni", "action_flag": 1, "change_message": "[{\"added\": {}}]"}}, {"model": "admin.logentry", "pk": 130, "fields": {"action_time": "2021-08-26T13:39:55.929Z", "user": 1, "content_type": 9, "object_id": "90", "object_repr": "Deolindo Bittel", "action_flag": 1, "change_message": "[{\"added\": {}}]"}}, {"model": "admin.logentry", "pk": 131, "fields": {"action_time": "2021-08-26T13:40:32.098Z", "user": 1, "content_type": 8, "object_id": "28", "object_repr": "La primera ciudad colonial del Chaco fue:", "action_flag": 1, "change_message": "[{\"added\": {}}]"}}, {"model": "admin.logentry", "pk": 132, "fields": {"action_time": "2021-08-26T13:40:57.044Z", "user": 1, "content_type": 8, "object_id": "29", "object_repr": "San Fernando del R\u00edo Negro fue una:", "action_flag": 1, "change_message": "[{\"added\": {}}]"}}, {"model": "admin.logentry", "pk": 133, "fields": {"action_time": "2021-08-26T13:41:13.877Z", "user": 1, "content_type": 8, "object_id": "30", "object_repr": "\u00bfQu\u00e9 reducciones franciscanas se fundaron en el ac", "action_flag": 1, "change_message": "[{\"added\": {}}]"}}, {"model": "admin.logentry", "pk": 134, "fields": {"action_time": "2021-08-26T13:41:47.786Z", "user": 1, "content_type": 8, "object_id": "31", "object_repr": "La Gobernaci\u00f3n del Chaco se cre\u00f3 en:", "action_flag": 1, "change_message": "[{\"added\": {}}]"}}, {"model": "admin.logentry", "pk": 135, "fields": {"action_time": "2021-08-26T13:42:08.638Z", "user": 1, "content_type": 8, "object_id": "32", "object_repr": "La ley 1532 divido a la Gobernaci\u00f3n del Chaco en:", "action_flag": 1, "change_message": "[{\"added\": {}}]"}}, {"model": "admin.logentry", "pk": 136, "fields": {"action_time": "2021-08-26T13:42:31.977Z", "user": 1, "content_type": 8, "object_id": "33", "object_repr": "Las autoridades que administraban la Gobernaci\u00f3n", "action_flag": 1, "change_message": "[{\"added\": {}}]"}}, {"model": "admin.logentry", "pk": 137, "fields": {"action_time": "2021-08-26T13:42:54.961Z", "user": 1, "content_type": 8, "object_id": "34", "object_repr": "La Conquista Militar del Chaco se produjo", "action_flag": 1, "change_message": "[{\"added\": {}}]"}}, {"model": "admin.logentry", "pk": 138, "fields": {"action_time": "2021-08-26T13:43:11.801Z", "user": 1, "content_type": 8, "object_id": "35", "object_repr": "La llegada de los inmigrantes se dio a ra\u00edz", "action_flag": 1, "change_message": "[{\"added\": {}}]"}}, {"model": "admin.logentry", "pk": 139, "fields": {"action_time": "2021-08-26T13:43:27.955Z", "user": 1, "content_type": 8, "object_id": "36", "object_repr": "A inicios del siglo XX, la actividad econ\u00f3mica m\u00e1s", "action_flag": 1, "change_message": "[{\"added\": {}}]"}}, {"model": "admin.logentry", "pk": 140, "fields": {"action_time": "2021-08-26T13:44:11.671Z", "user": 1, "content_type": 8, "object_id": "37", "object_repr": "El tanino se desarroll\u00f3 en", "action_flag": 1, "change_message": "[{\"added\": {}}]"}}, {"model": "admin.logentry", "pk": 141, "fields": {"action_time": "2021-08-26T13:44:42.896Z", "user": 1, "content_type": 8, "object_id": "38", "object_repr": "Las localidades algodoneras fueron", "action_flag": 1, "change_message": "[{\"added\": {}}]"}}, {"model": "admin.logentry", "pk": 142, "fields": {"action_time": "2021-08-26T13:44:55.538Z", "user": 1, "content_type": 8, "object_id": "39", "object_repr": "Nuestra primera constituci\u00f3n se promulg\u00f3 en", "action_flag": 1, "change_message": "[{\"added\": {}}]"}}, {"model": "admin.logentry", "pk": 143, "fields": {"action_time": "2021-08-26T13:45:18.872Z", "user": 1, "content_type": 8, "object_id": "40", "object_repr": "\u00bfCu\u00e1ntos departamentos tiene la provincia del Chac", "action_flag": 1, "change_message": "[{\"added\": {}}]"}}, {"model": "admin.logentry", "pk": 144, "fields": {"action_time": "2021-08-26T13:45:33.433Z", "user": 1, "content_type": 8, "object_id": "41", "object_repr": "\u00bfCu\u00e1ntas rutas nacionales recorren la provincia?", "action_flag": 1, "change_message": "[{\"added\": {}}]"}}, {"model": "admin.logentry", "pk": 145, "fields": {"action_time": "2021-08-26T13:45:48.713Z", "user": 1, "content_type": 8, "object_id": "42", "object_repr": "La Ruta Nacional 16 recorre entre:", "action_flag": 1, "change_message": "[{\"added\": {}}]"}}, {"model": "admin.logentry", "pk": 146, "fields": {"action_time": "2021-08-26T13:46:58.717Z", "user": 1, "content_type": 9, "object_id": "91", "object_repr": "Esteco", "action_flag": 1, "change_message": "[{\"added\": {}}]"}}, {"model": "admin.logentry", "pk": 147, "fields": {"action_time": "2021-08-26T13:49:49.030Z", "user": 1, "content_type": 9, "object_id": "92", "object_repr": "Concepci\u00f3n del Bermejo", "action_flag": 1, "change_message": "[{\"added\": {}}]"}}, {"model": "admin.logentry", "pk": 148, "fields": {"action_time": "2021-08-26T13:50:45.275Z", "user": 1, "content_type": 9, "object_id": "93", "object_repr": "San Fernando del R\u00edo Negro", "action_flag": 1, "change_message": "[{\"added\": {}}]"}}, {"model": "admin.logentry", "pk": 149, "fields": {"action_time": "2021-08-26T13:50:52.644Z", "user": 1, "content_type": 9, "object_id": "92", "object_repr": "Concepci\u00f3n del Bermejo", "action_flag": 2, "change_message": "[{\"changed\": {\"fields\": [\"Correcta\"]}}]"}}, {"model": "admin.logentry", "pk": 150, "fields": {"action_time": "2021-08-26T13:51:16.460Z", "user": 1, "content_type": 9, "object_id": "94", "object_repr": "Ciudad espa\u00f1ola", "action_flag": 1, "change_message": "[{\"added\": {}}]"}}, {"model": "admin.logentry", "pk": 151, "fields": {"action_time": "2021-08-26T13:51:46.706Z", "user": 1, "content_type": 9, "object_id": "95", "object_repr": "Reducci\u00f3n de los Jesuitas", "action_flag": 1, "change_message": "[{\"added\": {}}]"}}, {"model": "admin.logentry", "pk": 152, "fields": {"action_time": "2021-08-26T13:52:09.044Z", "user": 1, "content_type": 9, "object_id": "96", "object_repr": "Misi\u00f3n franciscana", "action_flag": 1, "change_message": "[{\"added\": {}}]"}}, {"model": "admin.logentry", "pk": 153, "fields": {"action_time": "2021-08-26T13:54:36.197Z", "user": 1, "content_type": 9, "object_id": "97", "object_repr": "San Carlos del Timbo", "action_flag": 1, "change_message": "[{\"added\": {}}]"}}, {"model": "admin.logentry", "pk": 154, "fields": {"action_time": "2021-08-26T13:54:59.835Z", "user": 1, "content_type": 9, "object_id": "98", "object_repr": "San Bernardo de V\u00e9rtiz", "action_flag": 1, "change_message": "[{\"added\": {}}]"}}, {"model": "admin.logentry", "pk": 155, "fields": {"action_time": "2021-08-26T13:55:36.432Z", "user": 1, "content_type": 9, "object_id": "99", "object_repr": "Nuestra Se\u00f1ora de los Dolores de la Cangaye", "action_flag": 1, "change_message": "[{\"added\": {}}]"}}, {"model": "admin.logentry", "pk": 156, "fields": {"action_time": "2021-08-26T13:57:09.351Z", "user": 1, "content_type": 9, "object_id": "100", "object_repr": "1810", "action_flag": 1, "change_message": "[{\"added\": {}}]"}}, {"model": "admin.logentry", "pk": 157, "fields": {"action_time": "2021-08-26T13:57:33.765Z", "user": 1, "content_type": 9, "object_id": "101", "object_repr": "1862", "action_flag": 1, "change_message": "[{\"added\": {}}]"}}, {"model": "admin.logentry", "pk": 158, "fields": {"action_time": "2021-08-26T13:58:08.412Z", "user": 1, "content_type": 9, "object_id": "102", "object_repr": "1900", "action_flag": 1, "change_message": "[{\"added\": {}}]"}}, {"model": "admin.logentry", "pk": 159, "fields": {"action_time": "2021-08-26T13:58:47.918Z", "user": 1, "content_type": 9, "object_id": "103", "object_repr": "Dos Gobernaciones (Chaco Austral y Chaco Central)", "action_flag": 1, "change_message": "[{\"added\": {}}]"}}, {"model": "admin.logentry", "pk": 160, "fields": {"action_time": "2021-08-26T13:59:05.044Z", "user": 1, "content_type": 9, "object_id": "104", "object_repr": "Tres Gobernaciones", "action_flag": 1, "change_message": "[{\"added\": {}}]"}}, {"model": "admin.logentry", "pk": 161, "fields": {"action_time": "2021-08-26T13:59:26.926Z", "user": 1, "content_type": 9, "object_id": "105", "object_repr": "Cuatro Gobernaciones", "action_flag": 1, "change_message": "[{\"added\": {}}]"}}, {"model": "admin.logentry", "pk": 162, "fields": {"action_time": "2021-08-26T14:00:16.813Z", "user": 1, "content_type": 9, "object_id": "106", "object_repr": "Eran elegidas por el voto popular", "action_flag": 1, "change_message": "[{\"added\": {}}]"}}, {"model": "admin.logentry", "pk": 163, "fields": {"action_time": "2021-08-26T14:00:46.959Z", "user": 1, "content_type": 9, "object_id": "107", "object_repr": "Eran nombradas por el Poder Ejecutivo Nacional", "action_flag": 1, "change_message": "[{\"added\": {}}]"}}, {"model": "admin.logentry", "pk": 164, "fields": {"action_time": "2021-08-26T14:01:12.619Z", "user": 1, "content_type": 9, "object_id": "108", "object_repr": "Durante la Triple Alianza", "action_flag": 1, "change_message": "[{\"added\": {}}]"}}, {"model": "admin.logentry", "pk": 165, "fields": {"action_time": "2021-08-26T14:01:41.758Z", "user": 1, "content_type": 9, "object_id": "109", "object_repr": "Al terminar la guerra de la Triple Alianza", "action_flag": 1, "change_message": "[{\"added\": {}}]"}}, {"model": "admin.logentry", "pk": 166, "fields": {"action_time": "2021-08-26T14:02:20.982Z", "user": 1, "content_type": 9, "object_id": "110", "object_repr": "Ley  Avellaneda sancionada en 1876", "action_flag": 1, "change_message": "[{\"added\": {}}]"}}, {"model": "admin.logentry", "pk": 167, "fields": {"action_time": "2021-08-26T14:02:41.324Z", "user": 1, "content_type": 9, "object_id": "111", "object_repr": "La ley de Bartolom\u00e9 Mitre", "action_flag": 1, "change_message": "[{\"added\": {}}]"}}, {"model": "admin.logentry", "pk": 168, "fields": {"action_time": "2021-08-26T14:03:12.231Z", "user": 1, "content_type": 9, "object_id": "112", "object_repr": "Ley 576 de 1872", "action_flag": 1, "change_message": "[{\"added\": {}}]"}}, {"model": "admin.logentry", "pk": 169, "fields": {"action_time": "2021-08-26T14:03:50.723Z", "user": 1, "content_type": 9, "object_id": "113", "object_repr": "Algod\u00f3n", "action_flag": 1, "change_message": "[{\"added\": {}}]"}}, {"model": "admin.logentry", "pk": 170, "fields": {"action_time": "2021-08-26T14:04:40.854Z", "user": 1, "content_type": 9, "object_id": "114", "object_repr": "Pesca", "action_flag": 1, "change_message": "[{\"added\": {}}]"}}, {"model": "admin.logentry", "pk": 171, "fields": {"action_time": "2021-08-26T14:04:52.387Z", "user": 1, "content_type": 9, "object_id": "115", "object_repr": "Caza", "action_flag": 1, "change_message": "[{\"added\": {}}]"}}, {"model": "admin.logentry", "pk": 172, "fields": {"action_time": "2021-08-26T14:05:18.742Z", "user": 1, "content_type": 9, "object_id": "116", "object_repr": "Resistencia", "action_flag": 1, "change_message": "[{\"added\": {}}]"}}, {"model": "admin.logentry", "pk": 173, "fields": {"action_time": "2021-08-26T14:05:36.210Z", "user": 1, "content_type": 9, "object_id": "117", "object_repr": "Puerto Tirol", "action_flag": 1, "change_message": "[{\"added\": {}}]"}}, {"model": "admin.logentry", "pk": 174, "fields": {"action_time": "2021-08-26T14:05:52.200Z", "user": 1, "content_type": 9, "object_id": "118", "object_repr": "Vicentini", "action_flag": 1, "change_message": "[{\"added\": {}}]"}}, {"model": "admin.logentry", "pk": 175, "fields": {"action_time": "2021-08-26T14:06:06.417Z", "user": 1, "content_type": 9, "object_id": "119", "object_repr": "La Verde", "action_flag": 1, "change_message": "[{\"added\": {}}]"}}, {"model": "admin.logentry", "pk": 176, "fields": {"action_time": "2021-08-26T14:06:20.554Z", "user": 1, "content_type": 9, "object_id": "120", "object_repr": "La Escondida", "action_flag": 1, "change_message": "[{\"added\": {}}]"}}, {"model": "admin.logentry", "pk": 177, "fields": {"action_time": "2021-08-26T14:06:43.584Z", "user": 1, "content_type": 9, "object_id": "121", "object_repr": "Resistencia", "action_flag": 1, "change_message": "[{\"added\": {}}]"}}, {"model": "admin.logentry", "pk": 178, "fields": {"action_time": "2021-08-26T14:07:00.850Z", "user": 1, "content_type": 9, "object_id": "122", "object_repr": "Margarita Bel\u00e9n", "action_flag": 1, "change_message": "[{\"added\": {}}]"}}, {"model": "admin.logentry", "pk": 179, "fields": {"action_time": "2021-08-26T14:07:36.100Z", "user": 1, "content_type": 9, "object_id": "123", "object_repr": "Quitilipi", "action_flag": 1, "change_message": "[{\"added\": {}}]"}}, {"model": "admin.logentry", "pk": 180, "fields": {"action_time": "2021-08-26T14:07:48.899Z", "user": 1, "content_type": 9, "object_id": "124", "object_repr": "Machagai", "action_flag": 1, "change_message": "[{\"added\": {}}]"}}, {"model": "admin.logentry", "pk": 181, "fields": {"action_time": "2021-08-26T14:08:26.558Z", "user": 1, "content_type": 9, "object_id": "125", "object_repr": "1951", "action_flag": 1, "change_message": "[{\"added\": {}}]"}}, {"model": "admin.logentry", "pk": 182, "fields": {"action_time": "2021-08-26T14:08:36.611Z", "user": 1, "content_type": 9, "object_id": "126", "object_repr": "1994", "action_flag": 1, "change_message": "[{\"added\": {}}]"}}, {"model": "admin.logentry", "pk": 183, "fields": {"action_time": "2021-08-26T14:08:47.043Z", "user": 1, "content_type": 9, "object_id": "127", "object_repr": "1862", "action_flag": 1, "change_message": "[{\"added\": {}}]"}}, {"model": "admin.logentry", "pk": 184, "fields": {"action_time": "2021-08-26T14:09:12.974Z", "user": 1, "content_type": 9, "object_id": "128", "object_repr": "25", "action_flag": 1, "change_message": "[{\"added\": {}}]"}}, {"model": "admin.logentry", "pk": 185, "fields": {"action_time": "2021-08-26T14:09:25.263Z", "user": 1, "content_type": 9, "object_id": "129", "object_repr": "20", "action_flag": 1, "change_message": "[{\"added\": {}}]"}}, {"model": "admin.logentry", "pk": 186, "fields": {"action_time": "2021-08-26T14:09:36.526Z", "user": 1, "content_type": 9, "object_id": "130", "object_repr": "10", "action_flag": 1, "change_message": "[{\"added\": {}}]"}}, {"model": "admin.logentry", "pk": 187, "fields": {"action_time": "2021-08-26T14:09:46.261Z", "user": 1, "content_type": 9, "object_id": "131", "object_repr": "5", "action_flag": 1, "change_message": "[{\"added\": {}}]"}}, {"model": "admin.logentry", "pk": 188, "fields": {"action_time": "2021-08-26T14:09:54.305Z", "user": 1, "content_type": 9, "object_id": "132", "object_repr": "4", "action_flag": 1, "change_message": "[{\"added\": {}}]"}}, {"model": "admin.logentry", "pk": 189, "fields": {"action_time": "2021-08-26T14:10:10.746Z", "user": 1, "content_type": 9, "object_id": "133", "object_repr": "3", "action_flag": 1, "change_message": "[{\"added\": {}}]"}}, {"model": "admin.logentry", "pk": 190, "fields": {"action_time": "2021-08-26T14:10:34.890Z", "user": 1, "content_type": 9, "object_id": "134", "object_repr": "Entre Santa Silvina y Resistencia", "action_flag": 1, "change_message": "[{\"added\": {}}]"}}, {"model": "admin.logentry", "pk": 191, "fields": {"action_time": "2021-08-26T14:11:16.392Z", "user": 1, "content_type": 9, "object_id": "135", "object_repr": "Entre Resistencia y Pampa del Infierno", "action_flag": 1, "change_message": "[{\"added\": {}}]"}}, {"model": "admin.logentry", "pk": 192, "fields": {"action_time": "2021-08-26T14:12:45.264Z", "user": 1, "content_type": 9, "object_id": "136", "object_repr": "Entre Resistencia y Juan Jos\u00e9 Castelli", "action_flag": 1, "change_message": "[{\"added\": {}}]"}}, {"model": "admin.logentry", "pk": 193, "fields": {"action_time": "2021-08-26T14:13:25.666Z", "user": 1, "content_type": 8, "object_id": "37", "object_repr": "El tanino se desarroll\u00f3 en", "action_flag": 2, "change_message": "[{\"changed\": {\"fields\": [\"Categoria\"]}}]"}}, {"model": "admin.logentry", "pk": 194, "fields": {"action_time": "2021-08-26T14:13:39.285Z", "user": 1, "content_type": 8, "object_id": "38", "object_repr": "Las localidades algodoneras fueron", "action_flag": 2, "change_message": "[{\"changed\": {\"fields\": [\"Categoria\"]}}]"}}, {"model": "admin.logentry", "pk": 195, "fields": {"action_time": "2021-08-26T14:13:52.836Z", "user": 1, "content_type": 8, "object_id": "36", "object_repr": "A inicios del siglo XX, la actividad econ\u00f3mica m\u00e1s", "action_flag": 2, "change_message": "[{\"changed\": {\"fields\": [\"Categoria\"]}}]"}}, {"model": "admin.logentry", "pk": 196, "fields": {"action_time": "2021-08-26T14:14:40.343Z", "user": 1, "content_type": 8, "object_id": "43", "object_repr": "La capital de la Gobernaci\u00f3n del Chaco se ubicaba", "action_flag": 1, "change_message": "[{\"added\": {}}]"}}, {"model": "admin.logentry", "pk": 197, "fields": {"action_time": "2021-08-26T14:16:50.045Z", "user": 1, "content_type": 9, "object_id": "137", "object_repr": "Villa Occidental", "action_flag": 1, "change_message": "[{\"added\": {}}]"}}, {"model": "admin.logentry", "pk": 198, "fields": {"action_time": "2021-08-26T14:17:15.388Z", "user": 1, "content_type": 9, "object_id": "138", "object_repr": "Resistencia", "action_flag": 1, "change_message": "[{\"added\": {}}]"}}, {"model": "admin.logentry", "pk": 199, "fields": {"action_time": "2021-08-26T14:19:34.308Z", "user": 1, "content_type": 9, "object_id": "137", "object_repr": "Villa Occidental", "action_flag": 2, "change_message": "[{\"changed\": {\"fields\": [\"Correcta\"]}}]"}}, {"model": "admin.logentry", "pk": 200, "fields": {"action_time": "2021-08-26T14:24:11.840Z", "user": 1, "content_type": 8, "object_id": "44", "object_repr": "\u00bfQu\u00e9 Parques Nacionales existen en el Chaco?", "action_flag": 1, "change_message": "[{\"added\": {}}]"}}, {"model": "admin.logentry", "pk": 201, "fields": {"action_time": "2021-08-26T14:24:27.190Z", "user": 1, "content_type": 8, "object_id": "45", "object_repr": "Campo del Cielo es reconocido por", "action_flag": 1, "change_message": "[{\"added\": {}}]"}}, {"model": "admin.logentry", "pk": 202, "fields": {"action_time": "2021-08-26T14:24:39.096Z", "user": 1, "content_type": 8, "object_id": "46", "object_repr": "Isla del Cerrito se realiza la:", "action_flag": 1, "change_message": "[{\"added\": {}}]"}}, {"model": "admin.logentry", "pk": 203, "fields": {"action_time": "2021-08-26T14:24:54.986Z", "user": 1, "content_type": 8, "object_id": "47", "object_repr": "La Fiesta Provincial del Inmigrante se realiza en", "action_flag": 1, "change_message": "[{\"added\": {}}]"}}, {"model": "admin.logentry", "pk": 204, "fields": {"action_time": "2021-08-26T14:25:11.693Z", "user": 1, "content_type": 8, "object_id": "48", "object_repr": "El Festival Nacional Taninero se desarrolla en", "action_flag": 1, "change_message": "[{\"added\": {}}]"}}, {"model": "admin.logentry", "pk": 205, "fields": {"action_time": "2021-08-26T14:25:32.090Z", "user": 1, "content_type": 8, "object_id": "49", "object_repr": "La Fiesta Provincial del Chivo se desarrolla en", "action_flag": 1, "change_message": "[{\"added\": {}}]"}}, {"model": "admin.logentry", "pk": 206, "fields": {"action_time": "2021-08-26T14:25:44.213Z", "user": 1, "content_type": 8, "object_id": "50", "object_repr": "La Fiesta Nacional del Algod\u00f3n se desarrolla en", "action_flag": 1, "change_message": "[{\"added\": {}}]"}}, {"model": "admin.logentry", "pk": 207, "fields": {"action_time": "2021-08-26T14:28:07.778Z", "user": 1, "content_type": 8, "object_id": "51", "object_repr": "Las Reservas Naturales del Chaco son", "action_flag": 1, "change_message": "[{\"added\": {}}]"}}, {"model": "admin.logentry", "pk": 208, "fields": {"action_time": "2021-08-26T14:28:22.354Z", "user": 1, "content_type": 8, "object_id": "52", "object_repr": "La Feria de Artesan\u00eda Aborigen Chaque\u00f1a se realiza", "action_flag": 1, "change_message": "[{\"added\": {}}]"}}, {"model": "admin.logentry", "pk": 209, "fields": {"action_time": "2021-08-26T14:28:37.768Z", "user": 1, "content_type": 8, "object_id": "53", "object_repr": "\u00bfQu\u00e9 curso de agua se encuentra emplazado entre l", "action_flag": 1, "change_message": "[{\"added\": {}}]"}}, {"model": "admin.logentry", "pk": 210, "fields": {"action_time": "2021-08-26T14:28:50.697Z", "user": 1, "content_type": 8, "object_id": "54", "object_repr": "El relieve del Chaco caracter\u00edstico es", "action_flag": 1, "change_message": "[{\"added\": {}}]"}}, {"model": "admin.logentry", "pk": 211, "fields": {"action_time": "2021-08-26T14:29:12.349Z", "user": 1, "content_type": 8, "object_id": "55", "object_repr": "Entre los r\u00edos aut\u00f3ctonos del Chaco, se encuentran", "action_flag": 1, "change_message": "[{\"added\": {}}]"}}, {"model": "admin.logentry", "pk": 212, "fields": {"action_time": "2021-08-26T14:29:40.241Z", "user": 1, "content_type": 8, "object_id": "56", "object_repr": "Juan Jos\u00e9 Castelli es considerada como", "action_flag": 1, "change_message": "[{\"added\": {}}]"}}, {"model": "admin.logentry", "pk": 213, "fields": {"action_time": "2021-08-26T14:29:59.397Z", "user": 1, "content_type": 8, "object_id": "57", "object_repr": "La ciudad de las Bre\u00f1as logr\u00f3 jugar en el Campeona", "action_flag": 1, "change_message": "[{\"added\": {}}]"}}, {"model": "admin.logentry", "pk": 214, "fields": {"action_time": "2021-08-26T14:30:53.273Z", "user": 1, "content_type": 8, "object_id": "58", "object_repr": "En el municipio de Colonia Ben\u00edtez se encuentra:", "action_flag": 1, "change_message": "[{\"added\": {}}]"}}, {"model": "admin.logentry", "pk": 215, "fields": {"action_time": "2021-08-26T14:31:59.689Z", "user": 1, "content_type": 8, "object_id": "59", "object_repr": "La patrona de Barranqueras es", "action_flag": 1, "change_message": "[{\"added\": {}}]"}}, {"model": "admin.logentry", "pk": 216, "fields": {"action_time": "2021-08-26T14:32:13.168Z", "user": 1, "content_type": 8, "object_id": "60", "object_repr": "El Patrono de la ciudad de Resistencia es:", "action_flag": 1, "change_message": "[{\"added\": {}}]"}}, {"model": "admin.logentry", "pk": 217, "fields": {"action_time": "2021-08-26T14:32:26.864Z", "user": 1, "content_type": 8, "object_id": "61", "object_repr": "En Presidencia Roque Sa\u00e9nz Pe\u00f1a se encuentra:", "action_flag": 1, "change_message": "[{\"added\": {}}]"}}, {"model": "admin.logentry", "pk": 218, "fields": {"action_time": "2021-08-26T14:32:58.966Z", "user": 1, "content_type": 8, "object_id": "62", "object_repr": "En Las Palmas se puede recorrer:", "action_flag": 1, "change_message": "[{\"added\": {}}]"}}, {"model": "admin.logentry", "pk": 219, "fields": {"action_time": "2021-08-26T14:33:57.547Z", "user": 1, "content_type": 9, "object_id": "139", "object_repr": "Parque Nacional Chaco", "action_flag": 1, "change_message": "[{\"added\": {}}]"}}, {"model": "admin.logentry", "pk": 220, "fields": {"action_time": "2021-08-26T14:34:58.225Z", "user": 1, "content_type": 9, "object_id": "140", "object_repr": "Parque Nacional El Impenetrable", "action_flag": 1, "change_message": "[{\"added\": {}}]"}}, {"model": "admin.logentry", "pk": 221, "fields": {"action_time": "2021-08-26T14:35:31.378Z", "user": 1, "content_type": 9, "object_id": "141", "object_repr": "Parque Nacional Iber\u00e1", "action_flag": 1, "change_message": "[{\"added\": {}}]"}}, {"model": "admin.logentry", "pk": 222, "fields": {"action_time": "2021-08-26T14:35:54.818Z", "user": 1, "content_type": 9, "object_id": "142", "object_repr": "Museo a cielo abierto de meteoritos", "action_flag": 1, "change_message": "[{\"added\": {}}]"}}, {"model": "admin.logentry", "pk": 223, "fields": {"action_time": "2021-08-26T14:36:14.853Z", "user": 1, "content_type": 9, "object_id": "143", "object_repr": "Capital de los Inmigrantes", "action_flag": 1, "change_message": "[{\"added\": {}}]"}}, {"model": "admin.logentry", "pk": 224, "fields": {"action_time": "2021-08-26T14:36:47.088Z", "user": 1, "content_type": 9, "object_id": "144", "object_repr": "Ciudad de las Esculturas", "action_flag": 1, "change_message": "[{\"added\": {}}]"}}, {"model": "admin.logentry", "pk": 225, "fields": {"action_time": "2021-08-26T14:37:16.378Z", "user": 1, "content_type": 9, "object_id": "145", "object_repr": "Fiesta del Dorado", "action_flag": 1, "change_message": "[{\"added\": {}}]"}}, {"model": "admin.logentry", "pk": 226, "fields": {"action_time": "2021-08-26T14:37:47.420Z", "user": 1, "content_type": 9, "object_id": "146", "object_repr": "Fiesta del Surub\u00ed", "action_flag": 1, "change_message": "[{\"added\": {}}]"}}, {"model": "admin.logentry", "pk": 227, "fields": {"action_time": "2021-08-26T14:38:05.725Z", "user": 1, "content_type": 9, "object_id": "147", "object_repr": "Fiesta del Moncholo", "action_flag": 1, "change_message": "[{\"added\": {}}]"}}, {"model": "admin.logentry", "pk": 228, "fields": {"action_time": "2021-08-26T14:38:20.001Z", "user": 1, "content_type": 9, "object_id": "148", "object_repr": "Castelli", "action_flag": 1, "change_message": "[{\"added\": {}}]"}}, {"model": "admin.logentry", "pk": 229, "fields": {"action_time": "2021-08-26T14:38:37.619Z", "user": 1, "content_type": 9, "object_id": "149", "object_repr": "Las Bre\u00f1as", "action_flag": 1, "change_message": "[{\"added\": {}}]"}}, {"model": "admin.logentry", "pk": 230, "fields": {"action_time": "2021-08-26T14:39:00.279Z", "user": 1, "content_type": 9, "object_id": "150", "object_repr": "Puerto Tirol", "action_flag": 1, "change_message": "[{\"added\": {}}]"}}, {"model": "admin.logentry", "pk": 231, "fields": {"action_time": "2021-08-26T14:39:16.192Z", "user": 1, "content_type": 9, "object_id": "151", "object_repr": "Puerto Vilelas", "action_flag": 1, "change_message": "[{\"added\": {}}]"}}, {"model": "admin.logentry", "pk": 232, "fields": {"action_time": "2021-08-26T14:39:31.878Z", "user": 1, "content_type": 9, "object_id": "152", "object_repr": "Charata", "action_flag": 1, "change_message": "[{\"added\": {}}]"}}, {"model": "admin.logentry", "pk": 233, "fields": {"action_time": "2021-08-26T14:39:50.996Z", "user": 1, "content_type": 9, "object_id": "153", "object_repr": "Puerto Tirol", "action_flag": 1, "change_message": "[{\"added\": {}}]"}}, {"model": "admin.logentry", "pk": 234, "fields": {"action_time": "2021-08-26T14:40:13.061Z", "user": 1, "content_type": 9, "object_id": "154", "object_repr": "Pampa del Indio", "action_flag": 1, "change_message": "[{\"added\": {}}]"}}, {"model": "admin.logentry", "pk": 235, "fields": {"action_time": "2021-08-26T14:40:36.641Z", "user": 1, "content_type": 9, "object_id": "155", "object_repr": "Pampa del Infierno", "action_flag": 1, "change_message": "[{\"added\": {}}]"}}, {"model": "admin.logentry", "pk": 236, "fields": {"action_time": "2021-08-26T14:41:02.440Z", "user": 1, "content_type": 9, "object_id": "156", "object_repr": "Castelli", "action_flag": 1, "change_message": "[{\"added\": {}}]"}}, {"model": "admin.logentry", "pk": 237, "fields": {"action_time": "2021-08-26T14:41:19.967Z", "user": 1, "content_type": 9, "object_id": "157", "object_repr": "Charata", "action_flag": 1, "change_message": "[{\"added\": {}}]"}}, {"model": "admin.logentry", "pk": 238, "fields": {"action_time": "2021-08-26T14:41:35.717Z", "user": 1, "content_type": 9, "object_id": "158", "object_repr": "Gancedo", "action_flag": 1, "change_message": "[{\"added\": {}}]"}}, {"model": "admin.logentry", "pk": 239, "fields": {"action_time": "2021-08-26T14:42:06.272Z", "user": 1, "content_type": 9, "object_id": "159", "object_repr": "Presidencia Roque S\u00e1enz Pe\u00f1a", "action_flag": 1, "change_message": "[{\"added\": {}}]"}}, {"model": "admin.logentry", "pk": 240, "fields": {"action_time": "2021-08-26T14:42:40.362Z", "user": 1, "content_type": 9, "object_id": "160", "object_repr": "Reserva Natural Provincial Fuerte Esperanza", "action_flag": 1, "change_message": "[{\"added\": {}}]"}}, {"model": "admin.logentry", "pk": 241, "fields": {"action_time": "2021-08-26T14:43:02.040Z", "user": 1, "content_type": 9, "object_id": "161", "object_repr": "Parque Provincial Loro Hablador", "action_flag": 1, "change_message": "[{\"added\": {}}]"}}, {"model": "admin.logentry", "pk": 242, "fields": {"action_time": "2021-08-26T14:43:25.631Z", "user": 1, "content_type": 9, "object_id": "162", "object_repr": "Campo del Cielo", "action_flag": 1, "change_message": "[{\"added\": {}}]"}}, {"model": "admin.logentry", "pk": 243, "fields": {"action_time": "2021-08-26T14:43:42.227Z", "user": 1, "content_type": 9, "object_id": "163", "object_repr": "Villa R\u00edo Bermejito", "action_flag": 1, "change_message": "[{\"added\": {}}]"}}, {"model": "admin.logentry", "pk": 244, "fields": {"action_time": "2021-08-26T14:43:56.998Z", "user": 1, "content_type": 9, "object_id": "164", "object_repr": "Las Bre\u00f1as", "action_flag": 1, "change_message": "[{\"added\": {}}]"}}, {"model": "admin.logentry", "pk": 245, "fields": {"action_time": "2021-08-26T14:44:07.500Z", "user": 1, "content_type": 9, "object_id": "165", "object_repr": "Fontana", "action_flag": 1, "change_message": "[{\"added\": {}}]"}}, {"model": "admin.logentry", "pk": 246, "fields": {"action_time": "2021-08-26T14:44:27.744Z", "user": 1, "content_type": 9, "object_id": "166", "object_repr": "Quitilipi", "action_flag": 1, "change_message": "[{\"added\": {}}]"}}, {"model": "admin.logentry", "pk": 247, "fields": {"action_time": "2021-08-26T14:44:45.465Z", "user": 1, "content_type": 9, "object_id": "167", "object_repr": "R\u00edo Pilcomayo", "action_flag": 1, "change_message": "[{\"added\": {}}]"}}, {"model": "admin.logentry", "pk": 248, "fields": {"action_time": "2021-08-26T14:45:07.133Z", "user": 1, "content_type": 9, "object_id": "168", "object_repr": "R\u00edo Bermejo", "action_flag": 1, "change_message": "[{\"added\": {}}]"}}, {"model": "admin.logentry", "pk": 249, "fields": {"action_time": "2021-08-26T14:45:21.823Z", "user": 1, "content_type": 9, "object_id": "169", "object_repr": "R\u00edo Negro", "action_flag": 1, "change_message": "[{\"added\": {}}]"}}, {"model": "admin.logentry", "pk": 250, "fields": {"action_time": "2021-08-26T14:45:36.881Z", "user": 1, "content_type": 9, "object_id": "170", "object_repr": "Monta\u00f1a", "action_flag": 1, "change_message": "[{\"added\": {}}]"}}, {"model": "admin.logentry", "pk": 251, "fields": {"action_time": "2021-08-26T14:45:49.111Z", "user": 1, "content_type": 9, "object_id": "171", "object_repr": "Sierra", "action_flag": 1, "change_message": "[{\"added\": {}}]"}}, {"model": "admin.logentry", "pk": 252, "fields": {"action_time": "2021-08-26T14:46:07.689Z", "user": 1, "content_type": 9, "object_id": "172", "object_repr": "Llanura", "action_flag": 1, "change_message": "[{\"added\": {}}]"}}, {"model": "admin.logentry", "pk": 253, "fields": {"action_time": "2021-08-26T14:46:27.103Z", "user": 1, "content_type": 9, "object_id": "173", "object_repr": "Paran\u00e1", "action_flag": 1, "change_message": "[{\"added\": {}}]"}}, {"model": "admin.logentry", "pk": 254, "fields": {"action_time": "2021-08-26T14:46:39.393Z", "user": 1, "content_type": 9, "object_id": "174", "object_repr": "Oro", "action_flag": 1, "change_message": "[{\"added\": {}}]"}}, {"model": "admin.logentry", "pk": 255, "fields": {"action_time": "2021-08-26T14:46:50.601Z", "user": 1, "content_type": 9, "object_id": "175", "object_repr": "Tragadero", "action_flag": 1, "change_message": "[{\"added\": {}}]"}}, {"model": "admin.logentry", "pk": 256, "fields": {"action_time": "2021-08-26T14:47:05.260Z", "user": 1, "content_type": 9, "object_id": "176", "object_repr": "Paraguay", "action_flag": 1, "change_message": "[{\"added\": {}}]"}}, {"model": "admin.logentry", "pk": 257, "fields": {"action_time": "2021-08-26T14:47:26.698Z", "user": 1, "content_type": 9, "object_id": "177", "object_repr": "Negro", "action_flag": 1, "change_message": "[{\"added\": {}}]"}}, {"model": "admin.logentry", "pk": 258, "fields": {"action_time": "2021-08-26T14:47:48.417Z", "user": 1, "content_type": 9, "object_id": "178", "object_repr": "Guycur\u00fa", "action_flag": 1, "change_message": "[{\"added\": {}}]"}}, {"model": "admin.logentry", "pk": 259, "fields": {"action_time": "2021-08-26T14:48:21.580Z", "user": 1, "content_type": 9, "object_id": "179", "object_repr": "Portal del Impenetrable", "action_flag": 1, "change_message": "[{\"added\": {}}]"}}, {"model": "admin.logentry", "pk": 260, "fields": {"action_time": "2021-08-26T14:48:36.688Z", "user": 1, "content_type": 9, "object_id": "180", "object_repr": "Perla del Paran\u00e1", "action_flag": 1, "change_message": "[{\"added\": {}}]"}}, {"model": "admin.logentry", "pk": 261, "fields": {"action_time": "2021-08-26T14:48:54.964Z", "user": 1, "content_type": 9, "object_id": "181", "object_repr": "Ciudad de las Esculturas", "action_flag": 1, "change_message": "[{\"added\": {}}]"}}, {"model": "admin.logentry", "pk": 262, "fields": {"action_time": "2021-08-26T14:49:11.672Z", "user": 1, "content_type": 9, "object_id": "182", "object_repr": "Baloncesto", "action_flag": 1, "change_message": "[{\"added\": {}}]"}}, {"model": "admin.logentry", "pk": 263, "fields": {"action_time": "2021-08-26T14:49:24.185Z", "user": 1, "content_type": 9, "object_id": "183", "object_repr": "F\u00fatbol", "action_flag": 1, "change_message": "[{\"added\": {}}]"}}, {"model": "admin.logentry", "pk": 264, "fields": {"action_time": "2021-08-26T14:49:41.015Z", "user": 1, "content_type": 9, "object_id": "184", "object_repr": "Nataci\u00f3n", "action_flag": 1, "change_message": "[{\"added\": {}}]"}}, {"model": "admin.logentry", "pk": 265, "fields": {"action_time": "2021-08-26T14:49:56.068Z", "user": 1, "content_type": 9, "object_id": "185", "object_repr": "Tiro", "action_flag": 1, "change_message": "[{\"added\": {}}]"}}, {"model": "admin.logentry", "pk": 266, "fields": {"action_time": "2021-08-26T14:50:39.590Z", "user": 1, "content_type": 9, "object_id": "186", "object_repr": "Museo Casa y Casa Jard\u00edn Schulz", "action_flag": 1, "change_message": "[{\"added\": {}}]"}}, {"model": "admin.logentry", "pk": 267, "fields": {"action_time": "2021-08-26T14:51:14.033Z", "user": 1, "content_type": 9, "object_id": "187", "object_repr": "Estaci\u00f3n Experimental Agropecuaria INTA", "action_flag": 1, "change_message": "[{\"added\": {}}]"}}, {"model": "admin.logentry", "pk": 268, "fields": {"action_time": "2021-08-26T14:51:36.584Z", "user": 1, "content_type": 9, "object_id": "188", "object_repr": "Museo a cielo abierto", "action_flag": 1, "change_message": "[{\"added\": {}}]"}}, {"model": "admin.logentry", "pk": 269, "fields": {"action_time": "2021-08-26T14:52:06.313Z", "user": 1, "content_type": 9, "object_id": "189", "object_repr": "Inmaculada Concepci\u00f3n de la Virgen Mar\u00eda", "action_flag": 1, "change_message": "[{\"added\": {}}]"}}, {"model": "admin.logentry", "pk": 270, "fields": {"action_time": "2021-08-26T14:52:26.385Z", "user": 1, "content_type": 9, "object_id": "190", "object_repr": "Virgen de Lourdes", "action_flag": 1, "change_message": "[{\"added\": {}}]"}}, {"model": "admin.logentry", "pk": 271, "fields": {"action_time": "2021-08-26T14:52:50.596Z", "user": 1, "content_type": 9, "object_id": "191", "object_repr": "Virgen de Itat\u00ed", "action_flag": 1, "change_message": "[{\"added\": {}}]"}}, {"model": "admin.logentry", "pk": 272, "fields": {"action_time": "2021-08-26T14:53:20.648Z", "user": 1, "content_type": 9, "object_id": "192", "object_repr": "San Fernando Rey", "action_flag": 1, "change_message": "[{\"added\": {}}]"}}, {"model": "admin.logentry", "pk": 273, "fields": {"action_time": "2021-08-26T14:53:40.316Z", "user": 1, "content_type": 9, "object_id": "193", "object_repr": "El Cura Brochero", "action_flag": 1, "change_message": "[{\"added\": {}}]"}}, {"model": "admin.logentry", "pk": 274, "fields": {"action_time": "2021-08-26T14:53:57.915Z", "user": 1, "content_type": 9, "object_id": "194", "object_repr": "Virgen de Itat\u00ed", "action_flag": 1, "change_message": "[{\"added\": {}}]"}}, {"model": "admin.logentry", "pk": 275, "fields": {"action_time": "2021-08-26T14:54:11.521Z", "user": 1, "content_type": 9, "object_id": "195", "object_repr": "Complejo Termal", "action_flag": 1, "change_message": "[{\"added\": {}}]"}}, {"model": "admin.logentry", "pk": 276, "fields": {"action_time": "2021-08-26T14:54:58.537Z", "user": 1, "content_type": 9, "object_id": "196", "object_repr": "Complejo Ecol\u00f3gico y Zool\u00f3gico", "action_flag": 1, "change_message": "[{\"added\": {}}]"}}, {"model": "admin.logentry", "pk": 277, "fields": {"action_time": "2021-08-26T14:55:08.751Z", "user": 1, "content_type": 9, "object_id": "195", "object_repr": "Complejo Termal", "action_flag": 2, "change_message": "[{\"changed\": {\"fields\": [\"Correcta\"]}}]"}}, {"model": "admin.logentry", "pk": 278, "fields": {"action_time": "2021-08-26T14:55:24.226Z", "user": 1, "content_type": 9, "object_id": "197", "object_repr": "Museo Casa y Casa Jard\u00edn Schulz", "action_flag": 1, "change_message": "[{\"added\": {}}]"}}, {"model": "admin.logentry", "pk": 279, "fields": {"action_time": "2021-08-26T14:55:56.813Z", "user": 1, "content_type": 9, "object_id": "198", "object_repr": "Las ruinas del Ingenio Azucarero", "action_flag": 1, "change_message": "[{\"added\": {}}]"}}, {"model": "admin.logentry", "pk": 280, "fields": {"action_time": "2021-08-26T14:56:12.483Z", "user": 1, "content_type": 9, "object_id": "199", "object_repr": "Las Termas", "action_flag": 1, "change_message": "[{\"added\": {}}]"}}, {"model": "admin.logentry", "pk": 281, "fields": {"action_time": "2021-08-26T19:36:00.456Z", "user": 1, "content_type": 8, "object_id": "57", "object_repr": "La ciudad de las Bre\u00f1as logr\u00f3 jugar en el Campeonato Argentino de Clubes en", "action_flag": 2, "change_message": "[{\"changed\": {\"fields\": [\"Descripcion\"]}}]"}}, {"model": "admin.logentry", "pk": 282, "fields": {"action_time": "2021-08-26T19:37:38.194Z", "user": 1, "content_type": 8, "object_id": "30", "object_repr": "\u00bfQu\u00e9 reducciones franciscanas se fundaron en el actual territorio del Chaco a finales del siglo XVIII?", "action_flag": 2, "change_message": "[{\"changed\": {\"fields\": [\"Descripcion\"]}}]"}}, {"model": "admin.logentry", "pk": 283, "fields": {"action_time": "2021-08-26T19:46:46.606Z", "user": 1, "content_type": 8, "object_id": "59", "object_repr": "La patrona de Barranqueras es:", "action_flag": 2, "change_message": "[{\"changed\": {\"fields\": [\"Descripcion\"]}}]"}}, {"model": "admin.logentry", "pk": 284, "fields": {"action_time": "2021-08-26T19:50:42.101Z", "user": 1, "content_type": 8, "object_id": "57", "object_repr": "La ciudad de las Bre\u00f1as logr\u00f3 jugar en el Campeonato Argentino de Clubes en:", "action_flag": 2, "change_message": "[{\"changed\": {\"fields\": [\"Descripcion\"]}}]"}}, {"model": "admin.logentry", "pk": 285, "fields": {"action_time": "2021-08-26T19:51:02.904Z", "user": 1, "content_type": 8, "object_id": "56", "object_repr": "Juan Jos\u00e9 Castelli es considerada como:", "action_flag": 2, "change_message": "[{\"changed\": {\"fields\": [\"Descripcion\"]}}]"}}, {"model": "admin.logentry", "pk": 286, "fields": {"action_time": "2021-08-26T19:51:22.760Z", "user": 1, "content_type": 8, "object_id": "55", "object_repr": "Entre los r\u00edos aut\u00f3ctonos del Chaco, se encuentran:", "action_flag": 2, "change_message": "[{\"changed\": {\"fields\": [\"Descripcion\"]}}]"}}, {"model": "admin.logentry", "pk": 287, "fields": {"action_time": "2021-08-26T19:51:33.347Z", "user": 1, "content_type": 8, "object_id": "54", "object_repr": "El relieve del Chaco caracter\u00edstico es:", "action_flag": 2, "change_message": "[{\"changed\": {\"fields\": [\"Descripcion\"]}}]"}}, {"model": "admin.logentry", "pk": 288, "fields": {"action_time": "2021-08-26T19:52:04.537Z", "user": 1, "content_type": 8, "object_id": "53", "object_repr": "\u00bfQu\u00e9 curso de agua se encuentra emplazado entre la provincia del Chaco y Formosa?", "action_flag": 2, "change_message": "[{\"changed\": {\"fields\": [\"Descripcion\"]}}]"}}, {"model": "admin.logentry", "pk": 289, "fields": {"action_time": "2021-08-26T19:53:09.162Z", "user": 1, "content_type": 8, "object_id": "52", "object_repr": "La Feria de Artesan\u00eda Aborigen Chaque\u00f1a se realiza en:", "action_flag": 2, "change_message": "[{\"changed\": {\"fields\": [\"Descripcion\"]}}]"}}, {"model": "admin.logentry", "pk": 290, "fields": {"action_time": "2021-08-26T19:53:25.701Z", "user": 1, "content_type": 8, "object_id": "51", "object_repr": "Las Reservas Naturales del Chaco son:", "action_flag": 2, "change_message": "[{\"changed\": {\"fields\": [\"Descripcion\"]}}]"}}, {"model": "admin.logentry", "pk": 291, "fields": {"action_time": "2021-08-26T19:53:49.969Z", "user": 1, "content_type": 8, "object_id": "50", "object_repr": "La Fiesta Nacional del Algod\u00f3n se desarrolla en:", "action_flag": 2, "change_message": "[{\"changed\": {\"fields\": [\"Descripcion\"]}}]"}}, {"model": "admin.logentry", "pk": 292, "fields": {"action_time": "2021-08-26T19:54:00.947Z", "user": 1, "content_type": 8, "object_id": "49", "object_repr": "La Fiesta Provincial del Chivo se desarrolla en:", "action_flag": 2, "change_message": "[{\"changed\": {\"fields\": [\"Descripcion\"]}}]"}}, {"model": "admin.logentry", "pk": 293, "fields": {"action_time": "2021-08-26T19:54:23.556Z", "user": 1, "content_type": 8, "object_id": "48", "object_repr": "El Festival Nacional Taninero se desarrolla en:", "action_flag": 2, "change_message": "[{\"changed\": {\"fields\": [\"Descripcion\"]}}]"}}, {"model": "admin.logentry", "pk": 294, "fields": {"action_time": "2021-08-26T19:54:41.234Z", "user": 1, "content_type": 8, "object_id": "47", "object_repr": "La Fiesta Provincial del Inmigrante se realiza en:", "action_flag": 2, "change_message": "[{\"changed\": {\"fields\": [\"Descripcion\"]}}]"}}, {"model": "admin.logentry", "pk": 295, "fields": {"action_time": "2021-08-26T19:55:01.077Z", "user": 1, "content_type": 8, "object_id": "46", "object_repr": "En Isla del Cerrito se realiza la:", "action_flag": 2, "change_message": "[{\"changed\": {\"fields\": [\"Descripcion\"]}}]"}}, {"model": "admin.logentry", "pk": 296, "fields": {"action_time": "2021-08-26T19:55:20.157Z", "user": 1, "content_type": 8, "object_id": "45", "object_repr": "Campo del Cielo es reconocido por:", "action_flag": 2, "change_message": "[{\"changed\": {\"fields\": [\"Descripcion\"]}}]"}}, {"model": "admin.logentry", "pk": 297, "fields": {"action_time": "2021-08-26T19:59:55.724Z", "user": 1, "content_type": 8, "object_id": "43", "object_repr": "La capital de la Gobernaci\u00f3n del Chaco se ubicaba en:", "action_flag": 2, "change_message": "[{\"changed\": {\"fields\": [\"Descripcion\"]}}]"}}, {"model": "admin.logentry", "pk": 298, "fields": {"action_time": "2021-08-26T20:00:37.405Z", "user": 1, "content_type": 8, "object_id": "40", "object_repr": "\u00bfCu\u00e1ntos departamentos tiene la provincia del Chaco?", "action_flag": 2, "change_message": "[{\"changed\": {\"fields\": [\"Descripcion\"]}}]"}}, {"model": "admin.logentry", "pk": 299, "fields": {"action_time": "2021-08-26T20:00:51.347Z", "user": 1, "content_type": 8, "object_id": "39", "object_repr": "Nuestra primera constituci\u00f3n se promulg\u00f3 en:", "action_flag": 2, "change_message": "[{\"changed\": {\"fields\": [\"Descripcion\"]}}]"}}, {"model": "admin.logentry", "pk": 300, "fields": {"action_time": "2021-08-26T20:01:05.279Z", "user": 1, "content_type": 8, "object_id": "38", "object_repr": "Las localidades algodoneras fueron:", "action_flag": 2, "change_message": "[{\"changed\": {\"fields\": [\"Descripcion\"]}}]"}}, {"model": "admin.logentry", "pk": 301, "fields": {"action_time": "2021-08-26T20:01:18.978Z", "user": 1, "content_type": 8, "object_id": "37", "object_repr": "El tanino se desarroll\u00f3 en:", "action_flag": 2, "change_message": "[{\"changed\": {\"fields\": [\"Descripcion\"]}}]"}}, {"model": "admin.logentry", "pk": 302, "fields": {"action_time": "2021-08-26T20:02:02.007Z", "user": 1, "content_type": 8, "object_id": "36", "object_repr": "A inicios del siglo XX, la actividad econ\u00f3mica m\u00e1s importante del territorio era?", "action_flag": 2, "change_message": "[{\"changed\": {\"fields\": [\"Descripcion\"]}}]"}}, {"model": "admin.logentry", "pk": 303, "fields": {"action_time": "2021-08-26T20:02:34.462Z", "user": 1, "content_type": 8, "object_id": "35", "object_repr": "Con la llegada de los inmigrantes se dio a ra\u00edz a:", "action_flag": 2, "change_message": "[{\"changed\": {\"fields\": [\"Descripcion\"]}}]"}}, {"model": "admin.logentry", "pk": 304, "fields": {"action_time": "2021-08-26T20:02:59.055Z", "user": 1, "content_type": 8, "object_id": "34", "object_repr": "La Conquista Militar del Chaco se produjo:", "action_flag": 2, "change_message": "[{\"changed\": {\"fields\": [\"Descripcion\"]}}]"}}, {"model": "admin.logentry", "pk": 305, "fields": {"action_time": "2021-08-26T20:03:19.854Z", "user": 1, "content_type": 8, "object_id": "33", "object_repr": "Las autoridades que administraban la Gobernaci\u00f3n del Chaco:", "action_flag": 2, "change_message": "[{\"changed\": {\"fields\": [\"Descripcion\"]}}]"}}, {"model": "admin.logentry", "pk": 306, "fields": {"action_time": "2021-08-26T20:04:28.912Z", "user": 1, "content_type": 8, "object_id": "25", "object_repr": "Nuestras primeras poblaciones originarias, pertenec\u00edan a las etnias:", "action_flag": 2, "change_message": "[{\"changed\": {\"fields\": [\"Descripcion\"]}}]"}}, {"model": "admin.logentry", "pk": 307, "fields": {"action_time": "2021-08-26T20:05:11.326Z", "user": 1, "content_type": 8, "object_id": "27", "object_repr": "\u00bfQui\u00e9n fue el primer gobernador de la Provincia del Chaco?", "action_flag": 2, "change_message": "[{\"changed\": {\"fields\": [\"Descripcion\"]}}]"}}, {"model": "admin.logentry", "pk": 308, "fields": {"action_time": "2021-08-26T20:06:33.688Z", "user": 1, "content_type": 8, "object_id": "26", "object_repr": "Al sur, el l\u00edmite establecido entre la Provincia del Chaco y Santa Fe es:", "action_flag": 2, "change_message": "[{\"changed\": {\"fields\": [\"Descripcion\"]}}]"}}, {"model": "admin.logentry", "pk": 309, "fields": {"action_time": "2021-08-26T20:07:58.805Z", "user": 1, "content_type": 8, "object_id": "23", "object_repr": "El Puente General Belgrano que une las provincias de Chaco y Corrientes se termin\u00f3 de construir en:", "action_flag": 2, "change_message": "[{\"changed\": {\"fields\": [\"Descripcion\"]}}]"}}, {"model": "admin.logentry", "pk": 310, "fields": {"action_time": "2021-08-26T20:08:38.817Z", "user": 1, "content_type": 8, "object_id": "22", "object_repr": "En 1939 es erigida la Di\u00f3cesis de Resistencia \u00bfQui\u00e9n fue el primer obispo?", "action_flag": 2, "change_message": "[{\"changed\": {\"fields\": [\"Descripcion\"]}}]"}}, {"model": "admin.logentry", "pk": 311, "fields": {"action_time": "2021-08-26T20:09:45.375Z", "user": 1, "content_type": 8, "object_id": "21", "object_repr": "Un conjunto coral chaque\u00f1o fue reconocido como \u201cPatrimonio Cultural Viviente\" \u00bfCu\u00e1l es?", "action_flag": 2, "change_message": "[{\"changed\": {\"fields\": [\"Descripcion\"]}}]"}}, {"model": "admin.logentry", "pk": 312, "fields": {"action_time": "2021-08-26T20:10:55.669Z", "user": 1, "content_type": 8, "object_id": "19", "object_repr": "La producci\u00f3n destacada chaque\u00f1a que perdura en la memoria y por la cual se la reconoce a la provincia fue:", "action_flag": 2, "change_message": "[{\"changed\": {\"fields\": [\"Descripcion\"]}}]"}}, {"model": "admin.logentry", "pk": 313, "fields": {"action_time": "2021-08-26T20:12:18.304Z", "user": 1, "content_type": 8, "object_id": "18", "object_repr": "En un emblem\u00e1tico edificio de la ciudad de Resistencia se encuentra un mural del reconocido pintor Emilio Pettoruti \u00bfD\u00f3nde se encuentra emplazado?", "action_flag": 2, "change_message": "[{\"changed\": {\"fields\": [\"Descripcion\"]}}]"}}, {"model": "admin.logentry", "pk": 314, "fields": {"action_time": "2021-08-26T20:13:15.992Z", "user": 1, "content_type": 8, "object_id": "17", "object_repr": "En la bandera del Chaco hay un arado rodeado de 25 estrellas \u00bfQu\u00e9 representan?", "action_flag": 2, "change_message": "[{\"changed\": {\"fields\": [\"Descripcion\"]}}]"}}, {"model": "admin.logentry", "pk": 315, "fields": {"action_time": "2021-08-26T20:14:36.736Z", "user": 1, "content_type": 8, "object_id": "16", "object_repr": "Un escritor reconocido en el \u00e1mbito chaque\u00f1o recibi\u00f3 el Premio Pionero de la Letras Chaque\u00f1as, otorgado por la provincia del Chaco y la SADE local en 1985. \u00bfQui\u00e9n fue?", "action_flag": 2, "change_message": "[{\"changed\": {\"fields\": [\"Descripcion\"]}}]"}}, {"model": "admin.logentry", "pk": 316, "fields": {"action_time": "2021-08-26T20:15:17.889Z", "user": 1, "content_type": 8, "object_id": "15", "object_repr": "\u00bfQui\u00e9n fue el primer gobernador del Territorio Nacional del Chaco?", "action_flag": 2, "change_message": "[{\"changed\": {\"fields\": [\"Descripcion\"]}}]"}}, {"model": "admin.logentry", "pk": 317, "fields": {"action_time": "2021-08-26T20:15:48.407Z", "user": 1, "content_type": 8, "object_id": "13", "object_repr": "La superficie total de la provincia del Chaco es de:", "action_flag": 2, "change_message": "[{\"changed\": {\"fields\": [\"Descripcion\"]}}]"}}, {"model": "admin.logentry", "pk": 318, "fields": {"action_time": "2021-08-26T20:16:31.287Z", "user": 1, "content_type": 8, "object_id": "12", "object_repr": "La palabra Chac\u00fa del cual deriva el nombre de nuestra provincia, ten\u00eda un significado \u00bfCu\u00e1l era?", "action_flag": 2, "change_message": "[{\"changed\": {\"fields\": [\"Descripcion\"]}}]"}}, {"model": "admin.logentry", "pk": 319, "fields": {"action_time": "2021-08-26T20:17:33.467Z", "user": 1, "content_type": 8, "object_id": "11", "object_repr": "Por Decreto N\u00b0 1491 el Gobierno de la Provincia del Chaco se declar\u00f3 a un instrumento musical como \u201cPatrimonio Cultural de la provincia del Chaco\u201d, \u00bfCu\u00e1l es?", "action_flag": 2, "change_message": "[{\"changed\": {\"fields\": [\"Descripcion\"]}}]"}}, {"model": "admin.logentry", "pk": 320, "fields": {"action_time": "2021-08-26T20:17:54.924Z", "user": 1, "content_type": 8, "object_id": "10", "object_repr": "El club de f\u00fatbol m\u00e1s antiguo del Chaco es:", "action_flag": 2, "change_message": "[{\"changed\": {\"fields\": [\"Descripcion\"]}}]"}}, {"model": "admin.logentry", "pk": 321, "fields": {"action_time": "2021-08-26T20:18:21.434Z", "user": 1, "content_type": 8, "object_id": "9", "object_repr": "Marcela G\u00f3mez, chaque\u00f1a, particip\u00f3 en los Juegos Ol\u00edmpicos de Tokio en:", "action_flag": 2, "change_message": "[{\"changed\": {\"fields\": [\"Descripcion\"]}}]"}}, {"model": "admin.logentry", "pk": 322, "fields": {"action_time": "2021-08-26T20:19:00.925Z", "user": 1, "content_type": 8, "object_id": "8", "object_repr": "En el \u00e1mbito de los juegos ol\u00edmpicos, el Chaco tiene un medallista en:", "action_flag": 2, "change_message": "[{\"changed\": {\"fields\": [\"Descripcion\"]}}]"}}, {"model": "admin.logentry", "pk": 323, "fields": {"action_time": "2021-08-26T20:19:36.834Z", "user": 1, "content_type": 8, "object_id": "7", "object_repr": "En el \u00e1mbito automovil\u00edstico deportivo Chaco tiene un exponente a nivel nacional e internacional, \u00bfQui\u00e9n es?", "action_flag": 2, "change_message": "[{\"changed\": {\"fields\": [\"Descripcion\"]}}]"}}, {"model": "admin.logentry", "pk": 324, "fields": {"action_time": "2021-08-26T20:20:12.973Z", "user": 1, "content_type": 8, "object_id": "5", "object_repr": "Al norte el l\u00edmite natural establecido entre la Provincia de Chaco y Formosa es:", "action_flag": 2, "change_message": "[{\"changed\": {\"fields\": [\"Descripcion\"]}}]"}}, {"model": "admin.logentry", "pk": 325, "fields": {"action_time": "2021-08-26T20:20:52.977Z", "user": 1, "content_type": 8, "object_id": "4", "object_repr": "Campo del Cielo: Patrimonio Cultural y Tur\u00edstico del Chaco, \u00bfD\u00f3nde se ubica?", "action_flag": 2, "change_message": "[{\"changed\": {\"fields\": [\"Descripcion\"]}}]"}}, {"model": "admin.logentry", "pk": 326, "fields": {"action_time": "2021-08-26T20:21:29.959Z", "user": 1, "content_type": 8, "object_id": "3", "object_repr": "\u00bfEn qu\u00e9 sectores se divide geogr\u00e1ficamente la provincia del Chaco?", "action_flag": 2, "change_message": "[{\"changed\": {\"fields\": [\"Descripcion\"]}}]"}}, {"model": "admin.logentry", "pk": 327, "fields": {"action_time": "2021-08-26T20:27:22.446Z", "user": 1, "content_type": 9, "object_id": "13", "object_repr": "Litoral Chaque\u00f1o, centro Chaque\u00f1o e Impenetrable Chaque\u00f1o", "action_flag": 2, "change_message": "[{\"changed\": {\"fields\": [\"Descripcion\"]}}]"}}, {"model": "admin.logentry", "pk": 328, "fields": {"action_time": "2021-08-26T20:28:17.485Z", "user": 1, "content_type": 9, "object_id": "9", "object_repr": "Chaco Boreal y Chaco Austral", "action_flag": 3, "change_message": ""}}, {"model": "admin.logentry", "pk": 329, "fields": {"action_time": "2021-08-26T20:28:17.491Z", "user": 1, "content_type": 9, "object_id": "8", "object_repr": "Litoral Chaque\u00f1o e Impenetrable Chaque\u00f1o", "action_flag": 3, "change_message": ""}}, {"model": "admin.logentry", "pk": 330, "fields": {"action_time": "2021-08-26T20:28:17.497Z", "user": 1, "content_type": 9, "object_id": "7", "object_repr": "Litoral Chaque\u00f1o, centro Chaque\u00f1o e Impenetrable", "action_flag": 3, "change_message": ""}}, {"model": "admin.logentry", "pk": 331, "fields": {"action_time": "2021-08-26T20:42:54.729Z", "user": 1, "content_type": 7, "object_id": "6", "object_repr": "CIENCIA Y EDUCACION", "action_flag": 2, "change_message": "[{\"changed\": {\"fields\": [\"Descripcion\"]}}]"}}]